-- phpMyAdmin SQL Dump
-- version 4.7.7
-- https://www.phpmyadmin.net/
--
-- Host: 127.0.0.1
-- Generation Time: Sep 27, 2019 at 06:00 AM
-- Server version: 10.1.30-MariaDB
-- PHP Version: 7.1.14

SET SQL_MODE = "NO_AUTO_VALUE_ON_ZERO";
SET AUTOCOMMIT = 0;
START TRANSACTION;
SET time_zone = "+00:00";


/*!40101 SET @OLD_CHARACTER_SET_CLIENT=@@CHARACTER_SET_CLIENT */;
/*!40101 SET @OLD_CHARACTER_SET_RESULTS=@@CHARACTER_SET_RESULTS */;
/*!40101 SET @OLD_COLLATION_CONNECTION=@@COLLATION_CONNECTION */;
/*!40101 SET NAMES utf8mb4 */;

--
-- Database: `stock_mng`
--

-- --------------------------------------------------------

--
-- Table structure for table `bank`
--

CREATE TABLE `bank` (
  `bnid` int(11) NOT NULL COMMENT 'Bank Id',
  `bkcd` int(11) DEFAULT NULL,
  `bknm` varchar(200) DEFAULT NULL COMMENT 'Bank Name',
  `stat` int(11) DEFAULT NULL COMMENT '(0-Deactive/1-Active)'
) ENGINE=InnoDB DEFAULT CHARSET=utf8;

--
-- Dumping data for table `bank`
--

INSERT INTO `bank` (`bnid`, `bkcd`, `bknm`, `stat`) VALUES
(1, 0, 'ANY', 0),
(2, 7010, 'BOC ', 1),
(3, 7056, 'Commercial Bank', 1),
(4, 7278, 'Sampath Bank', 1),
(5, 7135, 'Peoples Bank', 1),
(6, 7287, 'Seylan Bank', 1),
(7, 7083, 'Hatton National Bank PLC', 1),
(8, 7302, 'Union Bank', 1),
(9, 7092, 'HSBC', 1),
(10, 7162, 'Nations Trust Bank', 1),
(11, 7214, 'National Development Bank PLC\r\n', 1),
(12, 7454, 'DFCC Vardhana Bank', 1),
(13, 7311, 'Pan Asia Bank', 1),
(14, 7728, 'Sanasa Development Bank', 1),
(15, 7117, 'Indian Overseas Bank\r\n', 1),
(16, 7205, 'Deutsche Bank', 1),
(17, 7074, 'Habib Bank', 1),
(18, 7384, 'ICICI Bank', 1),
(19, 7047, 'Citibank', 1),
(20, 7719, 'National Savings Bank', 1),
(21, 7834, 'Kanrich Finance Limited', 1),
(22, 7782, 'Senkadagala Finance PLC', 1),
(23, 7898, 'Merchant Bank of Sri Lanka', 1),
(24, 7807, 'Commercial Leasing and Finance', 1),
(25, 7816, 'Vallibel Finance PLC', 1),
(26, 7825, 'Central Finance PLC', 1),
(27, 8004, 'Central Bank of Sri Lanka\r\n', 1),
(28, 7108, 'Indian Bank', 1),
(29, 7463, 'Amana Bank PLC', 1),
(30, 7038, 'Standard Chartered Bank\r\n', 1),
(31, 7472, 'Axis Bank', 1),
(32, 7746, 'Citizen Development Business Finance PLC\r\n', 1),
(33, 7737, 'HDFC Bank\r\n', 1),
(34, 7773, 'LB Finance PLC\r\n', 1),
(35, 7269, 'MCB Bank Ltd\r\n', 1),
(36, 7296, 'Public Bank', 1),
(37, 7755, 'Regional Development Bank', 1),
(38, 7144, 'State Bank of India', 1),
(39, 7764, 'State Mortgage & Investment Bank', 1),
(40, 7852, 'Alliance Finance Company PLC', 1),
(41, 7861, 'Lanka Orix Finance PLC', 1),
(42, 7870, 'Commercial Credit & Finance PLC\r\n', 1),
(43, 7913, 'Mercantile Investment and Finance PLC\r\n', 1),
(44, 7922, 'People’s Leasing & Finance PLC\r\n', 1),
(45, 7481, 'Cargills Bank Limited\r\n', 1),
(46, 0, 'sri lanka saveing bank', 0);

-- --------------------------------------------------------

--
-- Table structure for table `bank_brch`
--

CREATE TABLE `bank_brch` (
  `brid` int(11) NOT NULL COMMENT 'Branch Id',
  `bnid` int(11) NOT NULL,
  `brcd` int(11) DEFAULT NULL COMMENT 'Branch Code',
  `bcnm` varchar(200) DEFAULT NULL COMMENT 'Branch Name',
  `stat` int(11) DEFAULT NULL COMMENT '(0-Deactive/1-Active)',
  `remk` text
) ENGINE=InnoDB DEFAULT CHARSET=utf8;

--
-- Dumping data for table `bank_brch`
--

INSERT INTO `bank_brch` (`brid`, `bnid`, `brcd`, `bcnm`, `stat`, `remk`) VALUES
(1, 40, 36, 'Aluthgama', 1, ''),
(2, 40, 22, 'Ambalanthota', 1, ''),
(3, 40, 34, 'Ampara', 1, ''),
(4, 40, 15, 'Anuradhapura', 1, ''),
(5, 40, 25, 'Avissawella', 1, ''),
(6, 40, 7, 'Batticaloa', 1, ''),
(7, 40, 18, 'Chilaw', 1, ''),
(8, 40, 29, 'Dambulla', 1, ''),
(9, 40, 35, 'Embilipitiya', 1, ''),
(10, 40, 24, 'Galewela', 1, ''),
(11, 40, 4, 'Galle', 1, ''),
(12, 40, 2, 'Gampaha', 1, ''),
(13, 40, 20, 'Ganemulla', 1, ''),
(14, 40, 1, 'Head Office', 1, ''),
(15, 40, 31, 'Hingurakgoda', 1, ''),
(16, 40, 10, 'Horana', 1, ''),
(17, 40, 12, 'Ja-Ela', 1, ''),
(18, 40, 8, 'Jaffna', 1, ''),
(19, 40, 28, 'Kadawatha', 1, ''),
(20, 40, 21, 'Kaduruwela', 1, ''),
(21, 40, 26, 'Kalpitiya', 1, ''),
(22, 40, 13, 'Kandy', 1, ''),
(23, 40, 33, 'Kegalle', 1, ''),
(24, 40, 9, 'Kelaniya', 1, ''),
(25, 40, 17, 'Kilinochchi', 1, ''),
(26, 40, 23, 'Kuliyapitiya', 1, ''),
(27, 40, 27, 'Kurunegala', 1, ''),
(28, 40, 11, 'Maharagama', 1, ''),
(29, 40, 32, 'Malambe', 1, ''),
(30, 40, 14, 'Matara', 1, ''),
(31, 40, 19, 'Negombo', 1, ''),
(32, 40, 30, 'Nuwara Eliya', 1, ''),
(33, 40, 16, 'Puttalam', 1, ''),
(34, 40, 3, 'Ratnapura', 1, ''),
(35, 40, 6, 'Trincomalee', 1, ''),
(36, 40, 5, 'Vavuniya', 1, ''),
(37, 29, 15, 'Akkaraipattu', 1, ''),
(38, 29, 10, 'Akurana', 1, ''),
(39, 29, 21, 'Badulla', 1, ''),
(40, 29, 16, 'Dehiwela', 1, ''),
(41, 29, 28, 'Dematagoda', 1, ''),
(42, 29, 19, 'Eravur', 1, ''),
(43, 29, 8, 'Galle', 1, ''),
(44, 29, 11, 'Gampola', 1, ''),
(45, 29, 1, 'Head Office', 1, ''),
(46, 29, 22, 'Kaduruwela', 1, ''),
(47, 29, 6, 'Kalmunai', 1, ''),
(48, 29, 26, 'Kalmunai Unity Square', 1, ''),
(49, 29, 3, 'Kandy', 1, ''),
(50, 29, 4, 'Kattankudy', 1, ''),
(51, 29, 24, 'Kinniya', 1, ''),
(52, 29, 29, 'Kirulapana', 1, ''),
(53, 29, 18, 'Kuliyapitiya', 1, ''),
(54, 29, 14, 'Kurunegala', 1, ''),
(55, 29, 5, 'Ladies', 1, ''),
(56, 29, 13, 'Mawanella', 1, ''),
(57, 29, 20, 'Negombo', 1, ''),
(58, 29, 17, 'Nintavur', 1, ''),
(59, 29, 9, 'Oddamavadi', 1, ''),
(60, 29, 27, 'Old Moor Street', 1, ''),
(61, 29, 2, 'Pettah', 1, ''),
(62, 29, 23, 'Puttalam', 1, ''),
(63, 29, 25, 'Ratnapura', 1, ''),
(64, 29, 12, 'Sammanthurai', 1, ''),
(65, 31, 2, 'Colombo', 1, ''),
(66, 2, 448, 'Addalachchenai', 1, ''),
(67, 2, 487, 'Adikarigama', 1, ''),
(68, 2, 657, 'Agalawatta', 1, ''),
(69, 2, 488, 'Agarapathana', 1, ''),
(70, 2, 276, 'Ahangama', 1, ''),
(71, 2, 754, 'Ahungalla', 1, ''),
(72, 2, 590, 'Akkaraipattu', 1, ''),
(73, 2, 489, 'Akurana', 1, ''),
(74, 2, 613, 'Akuressa', 1, ''),
(75, 2, 812, 'Aladeniya', 1, ''),
(76, 2, 449, 'Alankerny', 1, ''),
(77, 2, 380, 'Alaveddy', 1, ''),
(78, 2, 768, 'Alawathugoda', 1, ''),
(79, 2, 498, 'Alawwa', 1, ''),
(80, 2, 680, 'Aluthgama', 1, ''),
(81, 2, 32, 'Aluthkade', 1, ''),
(82, 2, 277, 'Aluthwala', 1, ''),
(83, 2, 47, 'Ambalangoda', 1, ''),
(84, 2, 537, 'Ambalantota', 1, ''),
(85, 2, 329, 'Ambanpola', 1, ''),
(86, 2, 21, 'Ampara', 1, ''),
(87, 2, 548, 'Anamaduwa', 1, ''),
(88, 2, 330, 'Anawilundawa', 1, ''),
(89, 2, 381, 'Andankulam', 1, ''),
(90, 2, 494, 'Andiambalama', 1, ''),
(91, 2, 774, 'Angunakolapelessa', 1, ''),
(92, 2, 490, 'Ankumbura', 1, ''),
(93, 2, 22, 'Anuradhapura', 1, ''),
(94, 2, 551, 'Anuradhapura Bazzar', 1, ''),
(95, 2, 98, 'Anuradhapura New Town', 1, ''),
(96, 2, 451, 'Araiyampathy', 1, ''),
(97, 2, 599, 'Aralaganwila', 1, ''),
(98, 2, 566, 'Aranayake', 1, ''),
(99, 2, 713, 'Asiri Central', 1, ''),
(100, 2, 778, 'Atchuvely', 1, ''),
(101, 2, 757, 'Athurugiriya', 1, ''),
(102, 2, 530, 'Avissawella', 1, ''),
(103, 2, 401, 'Ayagama', 1, ''),
(104, 2, 540, 'Badalkumbura', 1, ''),
(105, 2, 525, 'Baddegama', 1, ''),
(106, 2, 11, 'Badulla', 1, ''),
(107, 2, 729, 'Badulla City', 1, ''),
(108, 2, 662, 'Baduraliya', 1, ''),
(109, 2, 652, 'Bakamuna', 1, ''),
(110, 2, 688, 'Balangoda', 1, ''),
(111, 2, 320, 'Ballaketuwa', 1, ''),
(112, 2, 37, 'Bambalapitiya', 1, ''),
(113, 2, 665, 'Bandaragama', 1, ''),
(114, 2, 515, 'Bandarawela', 1, ''),
(115, 2, 278, 'Barawakumbura', 1, ''),
(116, 2, 522, 'Batapola', 1, ''),
(117, 2, 679, 'Battaramulla', 1, ''),
(118, 2, 12, 'Batticaloa', 1, ''),
(119, 2, 452, 'Batticaloa Town', 1, ''),
(120, 2, 708, 'Batuwatte', 1, ''),
(121, 2, 539, 'Beliatta', 1, ''),
(122, 2, 102, 'Bentota', 1, ''),
(123, 2, 58, 'Beruwala', 1, ''),
(124, 2, 579, 'Bibile', 1, ''),
(125, 2, 554, 'Bingiriya', 1, ''),
(126, 2, 732, 'Biyagama', 1, ''),
(127, 2, 788, 'BOC premier', 1, ''),
(128, 2, 699, 'Bogahakumbura', 1, ''),
(129, 2, 808, 'Bogaswewa', 1, ''),
(130, 2, 491, 'Bogawantalawa', 1, ''),
(131, 2, 465, 'Bokkawala', 1, ''),
(132, 2, 651, 'Bombuwela', 1, ''),
(133, 2, 711, 'Bopitiya', 1, ''),
(134, 2, 795, 'Boragas', 1, ''),
(135, 2, 646, 'Boralesgamuwa', 1, ''),
(136, 2, 668, 'Borella? 2nd', 1, ''),
(137, 2, 38, 'Borella S/G', 1, ''),
(138, 2, 462, 'Botanical Gardens Peradeniya', 1, ''),
(139, 2, 311, 'Bulathkohupitiya', 1, ''),
(140, 2, 673, 'Bulathsinhala', 1, ''),
(141, 2, 560, 'Buttala', 1, ''),
(142, 2, 573, 'Central Bus Stand', 1, ''),
(143, 2, 811, 'Central Camp', 1, ''),
(144, 2, 15, 'Central Office', 1, ''),
(145, 2, 672, 'Central Super Market', 1, ''),
(146, 2, 731, 'CEYBANK Credit card centre', 1, ''),
(147, 2, 792, 'Chankanai', 1, ''),
(148, 2, 501, 'Chavakachcheri', 1, ''),
(149, 2, 382, 'Cheddikulam', 1, ''),
(150, 2, 630, 'Chenkalady', 1, ''),
(151, 2, 20, 'Chilaw', 1, ''),
(152, 2, 436, 'China Bay', 1, ''),
(153, 2, 53, 'Chunnakam', 1, ''),
(154, 2, 1, 'City Office', 1, ''),
(155, 2, 660, 'Corporate', 1, ''),
(156, 2, 822, 'Corporate 2nd', 1, ''),
(157, 2, 474, 'Court Complex Kandy', 1, ''),
(158, 2, 715, 'Dalugama', 1, ''),
(159, 2, 331, 'Dambadeniya', 1, ''),
(160, 2, 700, 'Dambagalla', 1, ''),
(161, 2, 576, 'Dambulla', 1, ''),
(162, 2, 497, 'Dankotuwa', 1, ''),
(163, 2, 466, 'Danture', 1, ''),
(164, 2, 467, 'Daulagala', 1, ''),
(165, 2, 567, 'Dedicated Economic Centre ? Meegoda', 1, ''),
(166, 2, 686, 'Dehiattakandiya', 1, ''),
(167, 2, 634, 'Dehiowita', 1, ''),
(168, 2, 51, 'Dehiwala', 1, ''),
(169, 2, 784, 'Deiyandara', 1, ''),
(170, 2, 383, 'Delft', 1, ''),
(171, 2, 716, 'Delgoda', 1, ''),
(172, 2, 717, 'Demanhandiya', 1, ''),
(173, 2, 561, 'Dematagoda', 1, ''),
(174, 2, 528, 'Deniyaya', 1, ''),
(175, 2, 642, 'Deraniyagala', 1, ''),
(176, 2, 504, 'Devinuwara', 1, ''),
(177, 2, 563, 'Dharga Town', 1, ''),
(178, 2, 273, 'Digana', 1, ''),
(179, 2, 469, 'Digana Village', 1, ''),
(180, 2, 592, 'Dikwella', 1, ''),
(181, 2, 433, 'Divulapitiya', 1, ''),
(182, 2, 388, 'Diyabeduma', 1, ''),
(183, 2, 389, 'Diyasenpura', 1, ''),
(184, 2, 260, 'Diyatalawa', 1, ''),
(185, 2, 293, 'Dodangoda', 1, ''),
(186, 2, 390, 'Doramadalawa', 1, ''),
(187, 2, 580, 'Dummalasuriya', 1, ''),
(188, 2, 437, 'Eastern University', 1, ''),
(189, 2, 57, 'Eheliyagoda', 1, ''),
(190, 2, 258, 'Elakanda', 1, ''),
(191, 2, 777, 'Electronic Banking Unit', 1, ''),
(192, 2, 701, 'Ella', 1, ''),
(193, 2, 619, 'Elpitiya', 1, ''),
(194, 2, 535, 'Embilipitiya', 1, ''),
(195, 2, 312, 'Embilipitiya City', 1, ''),
(196, 2, 313, 'Endana', 1, ''),
(197, 2, 674, 'Enderamulla', 1, ''),
(198, 2, 692, 'Eppawala', 1, ''),
(199, 2, 790, 'Eravur', 1, ''),
(200, 2, 702, 'Ethiliwewa', 1, ''),
(201, 2, 810, 'Ethimale', 1, ''),
(202, 2, 476, 'Ettampitiya', 1, ''),
(203, 2, 60, 'Fifth City', 1, ''),
(204, 2, 718, 'Fish Market Peliyagoda', 1, ''),
(205, 2, 615, 'Galagedera', 1, ''),
(206, 2, 101, 'Galaha', 1, ''),
(207, 2, 391, 'Galamuna', 1, ''),
(208, 2, 122, 'Galenbindunuwewa', 1, ''),
(209, 2, 432, 'Galewela', 1, ''),
(210, 2, 549, 'Galgamuwa', 1, ''),
(211, 2, 314, 'Galigamuwa', 1, ''),
(212, 2, 653, 'Galkiriyagama', 1, ''),
(213, 2, 89, 'Galle Bazaar', 1, ''),
(214, 2, 3, 'Galle Fort', 1, ''),
(215, 2, 514, 'Galnewa', 1, ''),
(216, 2, 45, 'Gampaha S/G', 1, ''),
(217, 2, 575, 'Gampola', 1, ''),
(218, 2, 470, 'Gampola City', 1, ''),
(219, 2, 720, 'Ganemulla', 1, ''),
(220, 2, 524, 'Geli Oya', 1, ''),
(221, 2, 392, 'General Hospital, A? pura', 1, ''),
(222, 2, 471, 'Ginigathhena', 1, ''),
(223, 2, 669, 'Girandurukotte', 1, ''),
(224, 2, 553, 'Giriulla', 1, ''),
(225, 2, 786, 'Godakawela', 1, ''),
(226, 2, 316, 'Gonagaldeniya', 1, ''),
(227, 2, 438, 'Gonagolla', 1, ''),
(228, 2, 643, 'Gonapola', 1, ''),
(229, 2, 721, 'Gothatuwa', 1, ''),
(230, 2, 628, 'Grandpass', 1, ''),
(231, 2, 393, 'Habarana', 1, ''),
(232, 2, 691, 'Hakmana', 1, ''),
(233, 2, 463, 'Haldummulla', 1, ''),
(234, 2, 785, 'Hali ela', 1, ''),
(235, 2, 85, 'Hambantota', 1, ''),
(236, 2, 741, 'Hanwella', 1, ''),
(237, 2, 35, 'Haputale', 1, ''),
(238, 2, 365, 'Hasalaka', 1, ''),
(239, 2, 472, 'Hatharaliyadda', 1, ''),
(240, 2, 40, 'Hatton', 1, ''),
(241, 2, 999, 'Head Office', 1, ''),
(242, 2, 772, 'Hemmathagama', 1, ''),
(243, 2, 570, 'Hettipola', 1, ''),
(244, 2, 609, 'Hikkaduwa', 1, ''),
(245, 2, 601, 'Hingurakgoda', 1, ''),
(246, 2, 509, 'Hingurana', 1, ''),
(247, 2, 569, 'Hiripitiya', 1, ''),
(248, 2, 568, 'Homagama', 1, ''),
(249, 2, 54, 'Horana', 1, ''),
(250, 2, 217, 'Horowpathana', 1, ''),
(251, 2, 521, 'Hyde Park', 1, ''),
(252, 2, 770, 'Ibbagamuwa', 1, ''),
(253, 2, 377, 'Illavalai', 1, ''),
(254, 2, 135, 'Imaduwa', 1, ''),
(255, 2, 453, 'Independent? Square', 1, ''),
(256, 2, 604, 'Ingiriya', 1, ''),
(257, 2, 87, 'International Division', 1, ''),
(258, 2, 236, 'Ipalogama', 1, ''),
(259, 2, 439, 'Irakkamam', 1, ''),
(260, 2, 776, 'Islamic Banking Unit', 1, ''),
(261, 2, 39, 'Ja Ela', 1, ''),
(262, 2, 5, 'Jaffna', 1, ''),
(263, 2, 500, 'Jaffna 2nd Branch', 1, ''),
(264, 2, 366, 'Jaffna Bus Stand', 1, ''),
(265, 2, 368, 'Jaffna Main Street', 1, ''),
(266, 2, 369, 'Jaffna University', 1, ''),
(267, 2, 600, 'Jayanthipura', 1, ''),
(268, 2, 59, 'Kadawatha', 1, ''),
(269, 2, 780, 'Kadawatha 2nd City', 1, ''),
(270, 2, 502, 'Kaduruwela', 1, ''),
(271, 2, 608, 'Kaduwela', 1, ''),
(272, 2, 622, 'Kahatagasdigiliya', 1, ''),
(273, 2, 507, 'Kahawatte', 1, ''),
(274, 2, 370, 'Kaithady', 1, ''),
(275, 2, 645, 'Kalawana', 1, ''),
(276, 2, 426, 'Kallady', 1, ''),
(277, 2, 427, 'Kallar', 1, ''),
(278, 2, 510, 'Kalmunai', 1, ''),
(279, 2, 589, 'Kalpitiya', 1, ''),
(280, 2, 16, 'Kalutara S/G', 1, ''),
(281, 2, 611, 'Kaluwanchikudy', 1, ''),
(282, 2, 371, 'Kalviyankadu', 1, ''),
(283, 2, 529, 'Kamburupitiya', 1, ''),
(284, 2, 771, 'Kandana', 1, ''),
(285, 2, 633, 'Kandapola', 1, ''),
(286, 2, 2, 'Kandy', 1, ''),
(287, 2, 649, 'Kandy 2nd', 1, ''),
(288, 2, 473, 'Kandy City Centre', 1, ''),
(289, 2, 454, 'Kandy Hospital', 1, ''),
(290, 2, 605, 'Kankesanthurai', 1, ''),
(291, 2, 623, 'Kantale Bazaar', 1, ''),
(292, 2, 428, 'Karadiyanaru', 1, ''),
(293, 2, 749, 'Karainagar', 1, ''),
(294, 2, 429, 'Karaitivu', 1, ''),
(295, 2, 372, 'Karanavai', 1, ''),
(296, 2, 280, 'Karapitiya', 1, ''),
(297, 2, 294, 'Karawanella', 1, ''),
(298, 2, 295, 'Karawita', 1, ''),
(299, 2, 722, 'Katana', 1, ''),
(300, 2, 616, 'Kataragama', 1, ''),
(301, 2, 648, 'Kattankudy', 1, ''),
(302, 2, 30, 'Katubedda', 1, ''),
(303, 2, 666, 'Katugastota', 1, ''),
(304, 2, 625, 'Katukurunda', 1, ''),
(305, 2, 658, 'Katunayake I.P.Z.', 1, ''),
(306, 2, 332, 'Katuneriya', 1, ''),
(307, 2, 333, 'Katupotha', 1, ''),
(308, 2, 261, 'Katuwana', 1, ''),
(309, 2, 714, 'Katuwellegama Courtaulds Clothing Lanka (Pvt) Ltd', 1, ''),
(310, 2, 373, 'Kayts', 1, ''),
(311, 2, 621, 'Kebithigollawa', 1, ''),
(312, 2, 27, 'Kegalle', 1, ''),
(313, 2, 536, 'Kegalle Bazaar', 1, ''),
(314, 2, 297, 'Kegalle Hospital', 1, ''),
(315, 2, 262, 'Kekanadura', 1, ''),
(316, 2, 676, 'Kekirawa', 1, ''),
(317, 2, 703, 'Keppetipola', 1, ''),
(318, 2, 620, 'Kesbewa', 1, ''),
(319, 2, 617, 'Keselwatte', 1, ''),
(320, 2, 93, 'Kilinochchi', 1, ''),
(321, 2, 735, 'Kinniya', 1, ''),
(322, 2, 430, 'Kiran', 1, ''),
(323, 2, 543, 'Kiribathgoda', 1, ''),
(324, 2, 317, 'Kiriella', 1, ''),
(325, 2, 334, 'Kirimetiyana', 1, ''),
(326, 2, 571, 'Kirindiwela', 1, ''),
(327, 2, 602, 'Kirulapana', 1, ''),
(328, 2, 282, 'Kitulgala', 1, ''),
(329, 2, 172, 'Kobeigane', 1, ''),
(330, 2, 323, 'Kochchikade', 1, ''),
(331, 2, 375, 'Kodikamam', 1, ''),
(332, 2, 750, 'Koggala E.P.Z', 1, ''),
(333, 2, 431, 'Kokkadicholai', 1, ''),
(334, 2, 376, 'Kokuvil', 1, ''),
(335, 2, 34, 'Kollupitiya', 1, ''),
(336, 2, 670, 'Kollupitiya 2nd', 1, ''),
(337, 2, 283, 'Kolonna', 1, ''),
(338, 2, 595, 'Kolonnawa', 1, ''),
(339, 2, 787, 'Kopay', 1, ''),
(340, 2, 629, 'Koslanda', 1, ''),
(341, 2, 263, 'Kosmodera', 1, ''),
(342, 2, 455, 'Kotagala', 1, ''),
(343, 2, 663, 'Kotahena', 1, ''),
(344, 2, 813, 'Kothalawala Defence University', 1, ''),
(345, 2, 284, 'Kotiyakumbura', 1, ''),
(346, 2, 773, 'Kottawa', 1, ''),
(347, 2, 264, 'Kudawella', 1, ''),
(348, 2, 52, 'Kuliyapitiya', 1, ''),
(349, 2, 324, 'Kumbukgete', 1, ''),
(350, 2, 809, 'Kurunduwatte', 1, ''),
(351, 2, 9, 'Kurunegala', 1, ''),
(352, 2, 513, 'Kurunegala Bazaar', 1, ''),
(353, 2, 325, 'Kuruwita', 1, ''),
(354, 2, 636, 'Lake House', 1, ''),
(355, 2, 612, 'Lake View', 1, ''),
(356, 2, 603, 'Lanka Hospital', 1, ''),
(357, 2, 577, 'Lunugala', 1, ''),
(358, 2, 265, 'Lunugamvehera', 1, ''),
(359, 2, 647, 'Lunuwatte', 1, ''),
(360, 2, 544, 'Madampe', 1, ''),
(361, 2, 654, 'Madatugama', 1, ''),
(362, 2, 805, 'Madawakkulama', 1, ''),
(363, 2, 581, 'Madawala', 1, ''),
(364, 2, 378, 'Madhu', 1, ''),
(365, 2, 565, 'Madurankuliya', 1, ''),
(366, 2, 266, 'Maha-Edanda', 1, ''),
(367, 2, 806, 'Mahaoya', 1, ''),
(368, 2, 55, 'Maharagama', 1, ''),
(369, 2, 319, 'Mahawewa', 1, ''),
(370, 2, 542, 'Mahiyangana', 1, ''),
(371, 2, 564, 'Maho', 1, ''),
(372, 2, 26, 'Main Street', 1, ''),
(373, 2, 299, 'Makandura', 1, ''),
(374, 2, 267, 'Makandura ? Matara', 1, ''),
(375, 2, 789, 'Makola', 1, ''),
(376, 2, 763, 'Malabe', 1, ''),
(377, 2, 268, 'Malimbada', 1, ''),
(378, 2, 255, 'Malkaduwawa', 1, ''),
(379, 2, 349, 'Mallavi', 1, ''),
(380, 2, 422, 'Malwatte', 1, ''),
(381, 2, 423, 'Mamangama', 1, ''),
(382, 2, 281, 'Manipay', 1, ''),
(383, 2, 574, 'Mankulam', 1, ''),
(384, 2, 46, 'Mannar', 1, ''),
(385, 2, 351, 'Manthikai', 1, ''),
(386, 2, 41, 'Maradana', 1, ''),
(387, 2, 456, 'Marassana', 1, ''),
(388, 2, 300, 'Marawila', 1, ''),
(389, 2, 424, 'Maruthamunai', 1, ''),
(390, 2, 352, 'Maruthankerny', 1, ''),
(391, 2, 506, 'Maskeliya', 1, ''),
(392, 2, 68, 'Matale', 1, ''),
(393, 2, 24, 'Matara', 1, ''),
(394, 2, 614, 'Matara City', 1, ''),
(395, 2, 796, 'Mattala Airport', 1, ''),
(396, 2, 583, 'Mattegoda', 1, ''),
(397, 2, 556, 'Matugama', 1, ''),
(398, 2, 559, 'Mawanella', 1, ''),
(399, 2, 257, 'Mawathagama', 1, ''),
(400, 2, 238, 'Medagama', 1, ''),
(401, 2, 162, 'Medawachchiya', 1, ''),
(402, 2, 797, 'Medawala', 1, ''),
(403, 2, 641, 'Medirigiriya', 1, ''),
(404, 2, 384, 'Meegahakiwula', 1, ''),
(405, 2, 728, 'Meegalewa', 1, ''),
(406, 2, 458, 'Meepilimana', 1, ''),
(407, 2, 555, 'Melsiripura', 1, ''),
(408, 2, 459, 'Menikhinna', 1, ''),
(409, 2, 618, 'Metropolitan', 1, ''),
(410, 2, 518, 'Middeniya', 1, ''),
(411, 2, 335, 'Mihintale', 1, ''),
(412, 2, 593, 'Milagiriya', 1, ''),
(413, 2, 394, 'Minneriya', 1, ''),
(414, 2, 545, 'Minuwangoda', 1, ''),
(415, 2, 88, 'Mirigama', 1, ''),
(416, 2, 417, 'Mollipothana', 1, ''),
(417, 2, 82, 'Monaragala', 1, ''),
(418, 2, 705, 'Moneragala Town', 1, ''),
(419, 2, 557, 'Moratumulla', 1, ''),
(420, 2, 61, 'Moratuwa', 1, ''),
(421, 2, 270, 'Morawaka', 1, ''),
(422, 2, 418, 'Morawewa', 1, ''),
(423, 2, 285, 'Morontota', 1, ''),
(424, 2, 766, 'Mount Lavinia', 1, ''),
(425, 2, 353, 'Mulankavil', 1, ''),
(426, 2, 355, 'Mullativu', 1, ''),
(427, 2, 723, 'Mulleriyawa New Town', 1, ''),
(428, 2, 511, 'Mulliyawalai', 1, ''),
(429, 2, 356, 'Murungan', 1, ''),
(430, 2, 118, 'Muttur', 1, ''),
(431, 2, 818, 'Nagoda', 1, ''),
(432, 2, 357, 'Nainativu', 1, ''),
(433, 2, 724, 'Naiwala', 1, ''),
(434, 2, 358, 'Nallur', 1, ''),
(435, 2, 359, 'Nanatan', 1, ''),
(436, 2, 762, 'Narahenpita', 1, ''),
(437, 2, 534, 'Narammala', 1, ''),
(438, 2, 552, 'National Institute Of Education', 1, ''),
(439, 2, 50, 'Nattandiya', 1, ''),
(440, 2, 92, 'Naula', 1, ''),
(441, 2, 419, 'Navithanvely', 1, ''),
(442, 2, 598, 'Nawalapitiya', 1, ''),
(443, 2, 360, 'Nedunkerny', 1, ''),
(444, 2, 18, 'Negombo', 1, ''),
(445, 2, 572, 'Negombo Bazzar', 1, ''),
(446, 2, 638, 'Nelliady', 1, ''),
(447, 2, 799, 'Nelundeniya', 1, ''),
(448, 2, 667, 'Neluwa', 1, ''),
(449, 2, 547, 'Nikaweratiya', 1, ''),
(450, 2, 420, 'Nilavely', 1, ''),
(451, 2, 591, 'Nintavur', 1, ''),
(452, 2, 675, 'Nittambuwa', 1, ''),
(453, 2, 597, 'Nivitigala', 1, ''),
(454, 2, 656, 'Nochchiyagama', 1, ''),
(455, 2, 779, 'Norchcholei', 1, ''),
(456, 2, 49, 'Nugegoda Supergrade', 1, ''),
(457, 2, 29, 'Nuwara Eliya', 1, ''),
(458, 2, 402, 'Oddamavady', 1, ''),
(459, 2, 361, 'Oddusudan', 1, ''),
(460, 2, 706, 'Okkampitiya', 1, ''),
(461, 2, 403, 'Oluwil', 1, ''),
(462, 2, 362, 'Omanthai', 1, ''),
(463, 2, 127, 'Padavi Parakramapura', 1, ''),
(464, 2, 395, 'Padaviya', 1, ''),
(465, 2, 492, 'Padiyapelella', 1, ''),
(466, 2, 348, 'Padiyatalawa', 1, ''),
(467, 2, 678, 'Padukka', 1, ''),
(468, 2, 461, 'Palapathwela', 1, ''),
(469, 2, 301, 'Palaviya', 1, ''),
(470, 2, 363, 'Pallai', 1, ''),
(471, 2, 302, 'Pallama', 1, ''),
(472, 2, 816, 'Pallebedda', 1, ''),
(473, 2, 464, 'Pallekelle', 1, ''),
(474, 2, 640, 'Pallepola', 1, ''),
(475, 2, 406, 'Palmuddai', 1, ''),
(476, 2, 404, 'Palugamam', 1, ''),
(477, 2, 7, 'Panadura', 1, ''),
(478, 2, 607, 'Panadura Bazaar', 1, ''),
(479, 2, 546, 'Pannala', 1, ''),
(480, 2, 303, 'Paragahadeniya', 1, ''),
(481, 2, 364, 'Paranthan', 1, ''),
(482, 2, 644, 'Parliamentary Complex', 1, ''),
(483, 2, 271, 'Pasgoda', 1, ''),
(484, 2, 503, 'Passara', 1, ''),
(485, 2, 690, 'Pelawatta', 1, ''),
(486, 2, 707, 'Pelawatta', 1, ''),
(487, 2, 541, 'Pelawatte City Kalutara', 1, ''),
(488, 2, 42, 'Peliyagoda', 1, ''),
(489, 2, 683, 'Pelmadulla', 1, ''),
(490, 2, 152, 'Pemaduwa', 1, ''),
(491, 2, 588, 'Peradeniya', 1, ''),
(492, 2, 681, 'Personal', 1, ''),
(493, 2, 344, 'Pesalai', 1, ''),
(494, 2, 4, 'Pettah', 1, ''),
(495, 2, 587, 'Pilimatalawa', 1, ''),
(496, 2, 736, 'Piliyandala', 1, ''),
(497, 2, 287, 'Pinnawala', 1, ''),
(498, 2, 272, 'Pitabeddara', 1, ''),
(499, 2, 533, 'Pitakotte', 1, ''),
(500, 2, 610, 'Pitigala', 1, ''),
(501, 2, 28, 'Point Pedro', 1, ''),
(502, 2, 526, 'Polgahawela', 1, ''),
(503, 2, 83, 'Polonnaruwa New Town', 1, ''),
(504, 2, 783, 'Polpithigama', 1, ''),
(505, 2, 405, 'Polwatte', 1, ''),
(506, 2, 345, 'Poonagary', 1, ''),
(507, 2, 346, 'Poovarasankulam', 1, ''),
(508, 2, 664, 'Pothuhera', 1, ''),
(509, 2, 318, 'Potuvil', 1, ''),
(510, 2, 99, 'Primary Dealer Unit', 1, ''),
(511, 2, 802, 'Provincial Council Complex, Pallakelle', 1, ''),
(512, 2, 765, 'Pugoda', 1, ''),
(513, 2, 441, 'Pujapitiya', 1, ''),
(514, 2, 425, 'Pundaluoya', 1, ''),
(515, 2, 347, 'Punnalaikadduvan', 1, ''),
(516, 2, 337, 'Pussellawa', 1, ''),
(517, 2, 341, 'Puthukudieruppu', 1, ''),
(518, 2, 342, 'Puthukulam', 1, ''),
(519, 2, 48, 'Puttalam', 1, ''),
(520, 2, 687, 'Raddolugama', 1, ''),
(521, 2, 442, 'Ragala', 1, ''),
(522, 2, 764, 'Ragama', 1, ''),
(523, 2, 746, 'Rajagiriya', 1, ''),
(524, 2, 396, 'Rajanganaya', 1, ''),
(525, 2, 397, 'Rajina Junction', 1, ''),
(526, 2, 594, 'Rakwana', 1, ''),
(527, 2, 782, 'Rambewa', 1, ''),
(528, 2, 582, 'Rambukkana', 1, ''),
(529, 2, 398, 'Ranajayapura', 1, ''),
(530, 2, 767, 'Ranna', 1, ''),
(531, 2, 259, 'Rathgama', 1, ''),
(532, 2, 689, 'Ratmalana', 1, ''),
(533, 2, 31, 'Ratnapura', 1, ''),
(534, 2, 684, 'Ratnapura Bazaar', 1, ''),
(535, 2, 315, 'Ratnapura Hospital', 1, ''),
(536, 2, 639, 'Rattota', 1, ''),
(537, 2, 627, 'Regent Street', 1, ''),
(538, 2, 532, 'Ridigama', 1, ''),
(539, 2, 167, 'Rikillagaskada', 1, ''),
(540, 2, 693, 'Ruhunu Campus', 1, ''),
(541, 2, 585, 'Ruwanwella', 1, ''),
(542, 2, 288, 'Sabaragamuwa Provincial Council', 1, ''),
(543, 2, 286, 'Sabaragamuwa University', 1, ''),
(544, 2, 407, 'Sainthamarathu', 1, ''),
(545, 2, 814, 'Saliyawewa', 1, ''),
(546, 2, 440, 'Samanthurai', 1, ''),
(547, 2, 338, 'Savalkaddu', 1, ''),
(548, 2, 421, 'Seeduwa', 1, ''),
(549, 2, 290, 'Seethawakapura', 1, ''),
(550, 2, 408, 'Serunuwara', 1, ''),
(551, 2, 399, 'Sevanapitiya', 1, ''),
(552, 2, 183, 'Sewagama', 1, ''),
(553, 2, 443, 'Sigiriya', 1, ''),
(554, 2, 339, 'Sirupiddy', 1, ''),
(555, 2, 416, 'Siyambalanduwa', 1, ''),
(556, 2, 520, 'Sri Jayawardenapura Hospital', 1, ''),
(557, 2, 751, 'Suriyawewa', 1, ''),
(558, 2, 650, 'Talatuoya', 1, ''),
(559, 2, 531, 'Talawakelle', 1, ''),
(560, 2, 596, 'Talgaswela', 1, ''),
(561, 2, 655, 'Tambuttegama', 1, ''),
(562, 2, 56, 'Tangalle', 1, ''),
(563, 2, 747, 'Taprobane', 1, ''),
(564, 2, 250, 'Tawalama', 1, ''),
(565, 2, 781, 'Teldeniya', 1, ''),
(566, 2, 336, 'Thalaimannar Pier', 1, ''),
(567, 2, 400, 'Thalawa', 1, ''),
(568, 2, 516, 'Thalawathugoda', 1, ''),
(569, 2, 798, 'Thalduwa', 1, ''),
(570, 2, 409, 'Thambiluvil', 1, ''),
(571, 2, 410, 'Thampalakamam', 1, ''),
(572, 2, 322, 'Thanamalwila', 1, ''),
(573, 2, 256, 'Thanthirimale', 1, ''),
(574, 2, 752, 'Thihagoda', 1, ''),
(575, 2, 512, 'Thimbirigasyaya', 1, ''),
(576, 2, 326, 'Thirumurukandi', 1, ''),
(577, 2, 761, 'Thirunelvely', 1, ''),
(578, 2, 305, 'Thoduwawa', 1, ''),
(579, 2, 411, 'Thoppur', 1, ''),
(580, 2, 157, 'Tirappane', 1, ''),
(581, 2, 538, 'Tissamaharama', 1, ''),
(582, 2, 760, 'Treasury Division', 1, ''),
(583, 2, 6, 'Trincomalee', 1, ''),
(584, 2, 624, 'Trincomalee Bazaar', 1, ''),
(585, 2, 606, 'Uda Dumbara', 1, ''),
(586, 2, 306, 'Udappuwa', 1, ''),
(587, 2, 291, 'Udawalawe', 1, ''),
(588, 2, 753, 'Udugama', 1, ''),
(589, 2, 413, 'Uhana', 1, ''),
(590, 2, 444, 'Ukuwela', 1, ''),
(591, 2, 43, 'Union Place', 1, ''),
(592, 2, 445, 'University Of Peradeniya', 1, ''),
(593, 2, 446, 'Upcott', 1, ''),
(594, 2, 414, 'Uppuvely', 1, ''),
(595, 2, 748, 'Uragasmanhandiya', 1, ''),
(596, 2, 298, 'Urubokka', 1, ''),
(597, 2, 794, 'Urumpirai', 1, ''),
(598, 2, 343, 'Uva Paranagama', 1, ''),
(599, 2, 804, 'Vaddukoddai', 1, ''),
(600, 2, 415, 'Vakarai', 1, ''),
(601, 2, 626, 'Valachchenai', 1, ''),
(602, 2, 791, 'Valvettithurai', 1, ''),
(603, 2, 385, 'Vavunathivu', 1, ''),
(604, 2, 44, 'Vavuniya', 1, ''),
(605, 2, 793, 'Vavuniya City', 1, ''),
(606, 2, 63, 'Velanai', 1, ''),
(607, 2, 386, 'Vellaveli', 1, ''),
(608, 2, 682, 'Veyangoda', 1, ''),
(609, 2, 775, 'Visakha', 1, ''),
(610, 2, 328, 'Visuvamadu', 1, ''),
(611, 2, 584, 'Wadduwa', 1, ''),
(612, 2, 815, 'Wahalkada', 1, ''),
(613, 2, 558, 'Waikkal', 1, ''),
(614, 2, 743, 'Walapane', 1, ''),
(615, 2, 517, 'Walasmulla', 1, ''),
(616, 2, 744, 'Walgama', 1, ''),
(617, 2, 800, 'Wanduramba', 1, ''),
(618, 2, 562, 'Warakapola', 1, ''),
(619, 2, 733, 'Warapitiya', 1, ''),
(620, 2, 685, 'Ward Place', 1, ''),
(621, 2, 379, 'Wariyapola', 1, ''),
(622, 2, 505, 'Wattala', 1, ''),
(623, 2, 340, 'Wattegama', 1, ''),
(624, 2, 307, 'Wayamba University', 1, ''),
(625, 2, 139, 'Weeraketiya', 1, ''),
(626, 2, 308, 'Weerapokuna', 1, ''),
(627, 2, 550, 'Weligama', 1, ''),
(628, 2, 292, 'Weligepola', 1, ''),
(629, 2, 817, 'Welikanda', 1, ''),
(630, 2, 730, 'Welimada', 1, ''),
(631, 2, 274, 'Weli-Oya', 1, ''),
(632, 2, 803, 'Welioya-Sampath Nuwara', 1, ''),
(633, 2, 527, 'Welisara', 1, ''),
(634, 2, 677, 'Weliweriya', 1, ''),
(635, 2, 309, 'Wellawa', 1, ''),
(636, 2, 23, 'Wellawatte', 1, ''),
(637, 2, 434, 'Wellawaya', 1, ''),
(638, 2, 104, 'Welpalla', 1, ''),
(639, 2, 508, 'Wennappuwa', 1, ''),
(640, 2, 499, 'Wijerama Junction', 1, ''),
(641, 2, 447, 'Wilgamuwa', 1, ''),
(642, 2, 769, 'Yakkala', 1, ''),
(643, 2, 578, 'Yakkalamulla', 1, ''),
(644, 2, 144, 'Yatawatte', 1, ''),
(645, 2, 477, 'Yatiyantota', 1, ''),
(646, 45, 925, 'Central Processing Office', 1, ''),
(647, 45, 11, 'Chunnakkam', 1, ''),
(648, 45, 1, 'Corporate', 1, ''),
(649, 45, 12, 'Galle', 1, ''),
(650, 45, 7, 'Hawaeliya', 1, ''),
(651, 45, 10, 'Jaffna City Center', 1, ''),
(652, 45, 14, 'Kandy', 1, ''),
(653, 45, 9, 'Kurunegala', 1, ''),
(654, 45, 5, 'Maharagama', 1, ''),
(655, 45, 2, 'Maitland Crescent', 1, ''),
(656, 45, 4, 'Matara', 1, ''),
(657, 45, 13, 'Nuwara Eliya', 1, ''),
(658, 45, 3, 'Old Moor Street', 1, ''),
(659, 45, 15, 'Peradeniya', 1, ''),
(660, 45, 8, 'Thanamalwila', 1, ''),
(661, 45, 6, 'Vavuniya', 1, ''),
(662, 27, 1, 'Head Office', 1, ''),
(663, 27, 998, 'CBSL-VB', 1, ''),
(664, 27, 999, 'Central Bank Of Sri Lanka', 1, ''),
(665, 26, 1, 'Colombo', 1, ''),
(666, 26, 2, 'Kandy', 1, ''),
(667, 26, 16, 'Nugegoda', 1, ''),
(668, 19, 100, 'Cash Mgmt', 1, ''),
(669, 19, 0, 'Head Office', 1, ''),
(670, 19, 1, 'Head Office', 1, ''),
(671, 19, 999, 'Head Office', 1, ''),
(672, 32, 69, 'Aluthgama', 1, ''),
(673, 32, 57, 'Ambalangoda', 1, ''),
(674, 32, 11, 'Anuradhapura', 1, ''),
(675, 32, 65, 'Avissawella', 1, ''),
(676, 32, 9, 'Badulla', 1, ''),
(677, 32, 36, 'Bandarawela', 1, ''),
(678, 32, 24, 'Battaramulla', 1, ''),
(679, 32, 34, 'Batticaloa', 1, ''),
(680, 32, 43, 'Boralesgamuwa', 1, ''),
(681, 32, 10, 'Chilaw', 1, ''),
(682, 32, 31, 'Colombo Office', 1, ''),
(683, 32, 28, 'Dambulla', 1, ''),
(684, 32, 60, 'Dehiwala', 1, ''),
(685, 32, 42, 'Eheliyagoda', 1, ''),
(686, 32, 41, 'Ela Kanda', 1, ''),
(687, 32, 23, 'Embilipitiya', 1, ''),
(688, 32, 27, 'Galle', 1, ''),
(689, 32, 7, 'Gampaha', 1, ''),
(690, 32, 72, 'Giriulla', 1, ''),
(691, 32, 38, 'Head Office', 1, ''),
(692, 32, 50, 'Horana', 1, ''),
(693, 32, 14, 'Ja-Ela', 1, ''),
(694, 32, 32, 'Jaffna', 1, ''),
(695, 32, 39, 'Kadana', 1, ''),
(696, 32, 29, 'Kaduruwela', 1, ''),
(697, 32, 15, 'Kaduwela', 1, ''),
(698, 32, 20, 'Kaluthara', 1, ''),
(699, 32, 6, 'Kandy', 1, ''),
(700, 32, 54, 'Katugasthota', 1, ''),
(701, 32, 16, 'Kegalle', 1, ''),
(702, 32, 5, 'Kelaniya', 1, ''),
(703, 32, 52, 'Kochchikade', 1, ''),
(704, 32, 30, 'Kotahena', 1, ''),
(705, 32, 62, 'Kottawa', 1, ''),
(706, 32, 45, 'Kuliyapitiya', 1, ''),
(707, 32, 4, 'Kurunegala', 1, ''),
(708, 32, 68, 'Kuruvita', 1, ''),
(709, 32, 26, 'Mahara', 1, ''),
(710, 32, 21, 'Maharagama', 1, ''),
(711, 32, 70, 'Mahiyanganaya', 1, ''),
(712, 32, 58, 'Malabe', 1, ''),
(713, 32, 44, 'Marawila', 1, ''),
(714, 32, 55, 'Matale', 1, ''),
(715, 32, 22, 'Matara', 1, ''),
(716, 32, 19, 'Mathugama', 1, ''),
(717, 32, 64, 'Mawathagama', 1, ''),
(718, 32, 59, 'Minuwangoda', 1, ''),
(719, 32, 2, 'Moratuwa', 1, ''),
(720, 32, 63, 'Narammala', 1, ''),
(721, 32, 3, 'Negombo', 1, ''),
(722, 32, 67, 'Nikaweratiya', 1, ''),
(723, 32, 17, 'Nittambuwa', 1, ''),
(724, 32, 48, 'Nugegoda', 1, ''),
(725, 32, 47, 'Panadura', 1, ''),
(726, 32, 51, 'Pelmadulla', 1, ''),
(727, 32, 56, 'Piliyandala', 1, ''),
(728, 32, 49, 'Premier Center', 1, ''),
(729, 32, 40, 'Ragama', 1, ''),
(730, 32, 53, 'Rajagiriya', 1, ''),
(731, 32, 8, 'Rathnapura', 1, ''),
(732, 32, 46, 'Ratmalana', 1, ''),
(733, 32, 71, 'Thalawathugoda', 1, ''),
(734, 32, 25, 'Tissamaharama', 1, ''),
(735, 32, 35, 'Trincomalee', 1, ''),
(736, 32, 33, 'Vavuniya', 1, ''),
(737, 32, 61, 'Warakapola', 1, ''),
(738, 32, 66, 'Wariyapola', 1, ''),
(739, 32, 13, 'Wattala', 1, ''),
(740, 32, 12, 'Wellawatta', 1, ''),
(741, 32, 18, 'Wennappuwa', 1, ''),
(742, 3, 172, 'Akkaraipattu', 1, ''),
(743, 3, 219, 'Akurana Service Point', 1, ''),
(744, 3, 35, 'Akuressa', 1, ''),
(745, 3, 188, 'Alawwa', 1, ''),
(746, 3, 40, 'Aluthgama', 1, ''),
(747, 3, 97, 'Ambalangoda', 1, ''),
(748, 3, 63, 'Ambalantota', 1, ''),
(749, 3, 100, 'Ampara', 1, ''),
(750, 3, 254, 'Anniwatte CSP', 1, ''),
(751, 3, 53, 'Anuradhapura', 1, ''),
(752, 3, 185, 'Anuradhapura New Town', 1, ''),
(753, 3, 156, 'Atchchuvely', 1, ''),
(754, 3, 130, 'Athurugiriya', 1, ''),
(755, 3, 231, 'Attidiya', 1, ''),
(756, 3, 70, 'Avissawella', 1, ''),
(757, 3, 98, 'Baddegama', 1, ''),
(758, 3, 52, 'Badulla', 1, ''),
(759, 3, 244, 'Badulla Minicom', 1, ''),
(760, 3, 82, 'Balangoda', 1, ''),
(761, 3, 106, 'Bambalapitiya', 1, ''),
(762, 3, 84, 'Bandaragama (C.S.P.)', 1, ''),
(763, 3, 247, 'Bandarawatta (Laugfs Super)', 1, ''),
(764, 3, 80, 'Bandarawela', 1, ''),
(765, 3, 113, 'Baseline', 1, ''),
(766, 3, 240, 'Batapola', 1, ''),
(767, 3, 252, 'Batharamulla Arpico Super Centre', 1, ''),
(768, 3, 29, 'Battaramulla', 1, ''),
(769, 3, 105, 'Batticaloa', 1, ''),
(770, 3, 242, 'Batticaloa Minicom', 1, ''),
(771, 3, 181, 'Beliatta', 1, ''),
(772, 3, 220, 'Beruwala CSP', 1, ''),
(773, 3, 249, 'BIA Counter', 1, ''),
(774, 3, 147, 'Biyagama', 1, ''),
(775, 3, 226, 'Bokundara CSP', 1, ''),
(776, 3, 142, 'Boralesgamuwa', 1, ''),
(777, 3, 132, 'Boralesgamuwa CSP', 1, ''),
(778, 3, 19, 'Borella', 1, ''),
(779, 3, 95, 'Card Centre', 1, ''),
(780, 3, 239, 'Chankanai', 1, ''),
(781, 3, 126, 'Chavakachcheri', 1, ''),
(782, 3, 168, 'Chenkalady', 1, ''),
(783, 3, 43, 'Chilaw', 1, ''),
(784, 3, 107, 'Chunakkam', 1, ''),
(785, 3, 2, 'City Office', 1, ''),
(786, 3, 50, 'Colombo 07', 1, ''),
(787, 3, 237, 'Colombo Gold Centre', 1, ''),
(788, 3, 54, 'Dambulla', 1, ''),
(789, 3, 164, 'Dankotuwa', 1, ''),
(790, 3, 58, 'Dehiwala', 1, ''),
(791, 3, 251, 'Dehiwala Arpico Super Centre', 1, ''),
(792, 3, 276, 'Deiyandara', 1, ''),
(793, 3, 269, 'Delgoda Laugfs Super', 1, ''),
(794, 3, 134, 'Delkanda', 1, ''),
(795, 3, 111, 'Deniyaya', 1, ''),
(796, 3, 140, 'Digana', 1, ''),
(797, 3, 180, 'Divulapitiya', 1, ''),
(798, 3, 68, 'Duplication Road', 1, ''),
(799, 3, 158, 'Eheliyagoda', 1, ''),
(800, 3, 71, 'Ekala? (CSP)', 1, ''),
(801, 3, 103, 'Elpitiya', 1, ''),
(802, 3, 30, 'Embilipitiya', 1, ''),
(803, 3, 3, 'Foreign', 1, ''),
(804, 3, 9, 'Galewela', 1, ''),
(805, 3, 27, 'Galle City', 1, ''),
(806, 3, 271, 'Galle City Minicom', 1, ''),
(807, 3, 5, 'Galle Fort', 1, ''),
(808, 3, 44, 'Gampaha', 1, ''),
(809, 3, 218, 'Gampaha CSP', 1, ''),
(810, 3, 102, 'Gampola', 1, ''),
(811, 3, 177, 'Ganemulla', 1, ''),
(812, 3, 265, 'Gelioya Service Point', 1, ''),
(813, 3, 182, 'Giriulla', 1, ''),
(814, 3, 197, 'Godakawela CSP', 1, ''),
(815, 3, 57, 'Grandpass', 1, ''),
(816, 3, 166, 'Hambantota', 1, ''),
(817, 3, 143, 'Hanwella', 1, ''),
(818, 3, 115, 'Hatton', 1, ''),
(819, 3, 0, 'Head Office', 1, ''),
(820, 3, 1, 'Head Office', 1, ''),
(821, 3, 999, 'Head Office', 1, ''),
(822, 3, 264, 'Hendala Service Point', 1, ''),
(823, 3, 14, 'Hikkaduwa', 1, ''),
(824, 3, 15, 'Hingurakgoda', 1, ''),
(825, 3, 258, 'Holiday Banking Centre ? Majestic City', 1, ''),
(826, 3, 75, 'Homagama', 1, ''),
(827, 3, 76, 'Horana', 1, ''),
(828, 3, 224, 'Horana Service Point', 1, ''),
(829, 3, 232, 'Hulftsdorp', 1, ''),
(830, 3, 253, 'Hydepark Arpico Service Center', 1, ''),
(831, 3, 901, 'Islamic Banking Unit', 1, ''),
(832, 3, 230, 'Ja ? Ela (K-Zone)', 1, ''),
(833, 3, 81, 'Ja-Ela', 1, ''),
(834, 3, 6, 'Jaffna', 1, ''),
(835, 3, 67, 'Kadawatha', 1, ''),
(836, 3, 234, 'Kadawatha (Arpico Super)', 1, ''),
(837, 3, 88, 'Kaduruwela', 1, ''),
(838, 3, 42, 'Kaduwela', 1, ''),
(839, 3, 133, 'Kahawatta', 1, ''),
(840, 3, 138, 'Kalawana', 1, ''),
(841, 3, 152, 'Kalmunai', 1, ''),
(842, 3, 36, 'Kalutara', 1, ''),
(843, 3, 267, 'Kalutara (Arpico Super)', 1, ''),
(844, 3, 104, 'Kamburupitiya', 1, ''),
(845, 3, 31, 'Kandana', 1, ''),
(846, 3, 4, 'Kandy', 1, ''),
(847, 3, 150, 'Kandy City office', 1, ''),
(848, 3, 135, 'karapitiya', 1, ''),
(849, 3, 173, 'Kataragama', 1, ''),
(850, 3, 193, 'Kattankudy', 1, ''),
(851, 3, 114, 'Katubedda', 1, ''),
(852, 3, 167, 'Katubedda CSP', 1, ''),
(853, 3, 45, 'Katugastota', 1, ''),
(854, 3, 245, 'Katugastota (Minicom)', 1, ''),
(855, 3, 227, 'Katukurunda CSP', 1, ''),
(856, 3, 190, 'Katunayake 24/7 Centre', 1, ''),
(857, 3, 25, 'Katunayake FTZ', 1, ''),
(858, 3, 21, 'Kegalle', 1, ''),
(859, 3, 110, 'Kekirawa', 1, ''),
(860, 3, 39, 'Keyzer Street', 1, ''),
(861, 3, 155, 'Kilinochchi', 1, ''),
(862, 3, 272, 'Kilinochchi Minicom', 1, ''),
(863, 3, 69, 'Kiribathgoda', 1, ''),
(864, 3, 257, 'Kiribathgoda Service Point', 1, ''),
(865, 3, 139, 'Kirindiwela', 1, ''),
(866, 3, 47, 'Kirulapona', 1, ''),
(867, 3, 217, 'Kirulapone Minicom', 1, ''),
(868, 3, 74, 'Kochchikade', 1, ''),
(869, 3, 198, 'Kodikamam', 1, ''),
(870, 3, 28, 'Koggala', 1, ''),
(871, 3, 87, 'Kohuwala', 1, ''),
(872, 3, 266, 'Kohuwala Service Point', 1, ''),
(873, 3, 11, 'Kollupitiya', 1, ''),
(874, 3, 12, 'Kotahena', 1, ''),
(875, 3, 119, 'Kotikawatta', 1, ''),
(876, 3, 121, 'Kottawa', 1, ''),
(877, 3, 51, 'Kuliyapitiya', 1, ''),
(878, 3, 255, 'Kundasale (Dumbara Super CSP)', 1, ''),
(879, 3, 16, 'Kurunegala', 1, ''),
(880, 3, 122, 'Kurunegala City Office', 1, ''),
(881, 3, 212, 'Kurunegala Service Point', 1, ''),
(882, 3, 175, 'Kuruwita', 1, ''),
(883, 3, 196, 'Liberty Plaza CSP', 1, ''),
(884, 3, 18, 'Maharagama', 1, ''),
(885, 3, 209, 'Maharagama Minicom', 1, ''),
(886, 3, 137, 'Mahiyanganaya', 1, ''),
(887, 3, 199, 'Makola', 1, ''),
(888, 3, 86, 'Malabe (C.S.P.)', 1, ''),
(889, 3, 153, 'Manipay', 1, ''),
(890, 3, 154, 'Mannar', 1, ''),
(891, 3, 32, 'Maradana', 1, ''),
(892, 3, 183, 'Marawila', 1, ''),
(893, 3, 195, 'Maskeliya', 1, ''),
(894, 3, 8, 'Matale', 1, ''),
(895, 3, 7, 'Matara', 1, ''),
(896, 3, 151, 'Matara City office', 1, ''),
(897, 3, 222, 'Matara Minicom Centre', 1, ''),
(898, 3, 96, 'Mathugama', 1, ''),
(899, 3, 268, 'Mattegoda (Laugfs Super)', 1, ''),
(900, 3, 79, 'Mawanella', 1, ''),
(901, 3, 161, 'Mawathagama', 1, ''),
(902, 3, 200, 'Medawachchiya', 1, ''),
(903, 3, 176, 'Middeniya', 1, ''),
(904, 3, 33, 'Minuwangoda', 1, ''),
(905, 3, 66, 'Mirigama', 1, ''),
(906, 3, 120, 'Monaragala', 1, ''),
(907, 3, 59, 'Moratuwa', 1, ''),
(908, 3, 210, 'Moratuwa Minicom', 1, ''),
(909, 3, 277, 'Morawaka', 1, ''),
(910, 3, 93, 'Mount Lavinia(C.S.P.)', 1, ''),
(911, 3, 229, 'Mulliyawalai', 1, ''),
(912, 3, 23, 'Mutuwal', 1, ''),
(913, 3, 22, 'Narahenpita', 1, ''),
(914, 3, 60, 'Narammala', 1, ''),
(915, 3, 55, 'Nattandiya', 1, ''),
(916, 3, 101, 'Nawala? (C.S.P.)', 1, ''),
(917, 3, 208, 'Nawala Service Point', 1, ''),
(918, 3, 89, 'Nawalapitiya', 1, ''),
(919, 3, 259, 'Nawam Mawatha', 1, ''),
(920, 3, 238, 'Nawinna (Arpico Super)', 1, ''),
(921, 3, 256, 'Negambo Arpico Super Centre', 1, ''),
(922, 3, 13, 'Negombo', 1, ''),
(923, 3, 118, 'Negombo Extension Office', 1, ''),
(924, 3, 108, 'Nelliady', 1, ''),
(925, 3, 125, 'Neluwa', 1, ''),
(926, 3, 83, 'Nikaweratiya', 1, ''),
(927, 3, 65, 'Nittambuwa', 1, ''),
(928, 3, 261, 'Nittambuwa CSP', 1, ''),
(929, 3, 241, 'Nochchiyagama', 1, ''),
(930, 3, 20, 'Nugegoda', 1, ''),
(931, 3, 34, 'Nuwara Eliya', 1, ''),
(932, 3, 17, 'Old Moor Street', 1, ''),
(933, 3, 270, 'Orion City ABC', 1, ''),
(934, 3, 187, 'Padukka', 1, ''),
(935, 3, 206, 'Palavi', 1, ''),
(936, 3, 41, 'Panadura', 1, ''),
(937, 3, 223, 'Panadura CSP', 1, ''),
(938, 3, 189, 'Panadura Second', 1, ''),
(939, 3, 38, 'Panchikawatte', 1, ''),
(940, 3, 144, 'Pannala', 1, ''),
(941, 3, 186, 'Passara', 1, ''),
(942, 3, 262, 'Pelawatte CSP', 1, ''),
(943, 3, 165, 'Peliyagoda CSP', 1, ''),
(944, 3, 149, 'Pelmadulla', 1, ''),
(945, 3, 73, 'Peradeniya? (CSP)', 1, ''),
(946, 3, 24, 'Pettah', 1, ''),
(947, 3, 72, 'Pettah Main Street', 1, ''),
(948, 3, 109, 'Pilimathalawa', 1, ''),
(949, 3, 77, 'Piliyandala', 1, ''),
(950, 3, 117, 'Pitakotte CSP', 1, ''),
(951, 3, 141, 'Polgahawela', 1, ''),
(952, 3, 194, 'Pottuvil', 1, ''),
(953, 3, 169, 'Priority Banking Centre', 1, ''),
(954, 3, 148, 'Puttlam', 1, ''),
(955, 3, 131, 'Raddolugama', 1, ''),
(956, 3, 221, 'Ragama', 1, ''),
(957, 3, 62, 'Rajagiriya', 1, ''),
(958, 3, 233, 'Rajagiriya (Keells Super)', 1, ''),
(959, 3, 216, 'Ramanayake Mawatha', 1, ''),
(960, 3, 46, 'Ratmalana', 1, ''),
(961, 3, 49, 'Ratnapura', 1, ''),
(962, 3, 213, 'Ratnapura (Laugfs Super)', 1, ''),
(963, 3, 116, 'Reid Avenue', 1, ''),
(964, 3, 163, 'Ruwanwella', 1, ''),
(965, 3, 64, 'Seeduwa', 1, ''),
(966, 3, 204, 'SLIC- CSP', 1, ''),
(967, 3, 127, 'Stanley Road, Jaffna', 1, ''),
(968, 3, 123, 'Tangalle', 1, ''),
(969, 3, 184, 'Thalawakelle', 1, ''),
(970, 3, 78, 'Thalawathugoda (C.S.P.)', 1, ''),
(971, 3, 162, 'Thambuttegama', 1, ''),
(972, 3, 157, 'Thirunelvely', 1, ''),
(973, 3, 124, 'Tissamaharama', 1, ''),
(974, 3, 37, 'Trincomalee', 1, ''),
(975, 3, 129, 'Udugama', 1, ''),
(976, 3, 48, 'Union Place', 1, ''),
(977, 3, 211, 'Union Place (Keells Super) Branch', 1, ''),
(978, 3, 236, 'Urubokka', 1, ''),
(979, 3, 159, 'Valachchenai', 1, ''),
(980, 3, 61, 'Vavuniya', 1, ''),
(981, 3, 171, 'Vavuniya Extension Office', 1, ''),
(982, 3, 170, 'Velanai', 1, ''),
(983, 3, 250, 'Veyangoda', 1, ''),
(984, 3, 146, 'Wadduwa', 1, ''),
(985, 3, 128, 'Warakapola', 1, ''),
(986, 3, 145, 'Ward Place', 1, ''),
(987, 3, 174, 'Wariyapola', 1, ''),
(988, 3, 56, 'Wattala', 1, ''),
(989, 3, 260, 'Wattala Arpico Super Center', 1, ''),
(990, 3, 225, 'Wattala Minicom', 1, ''),
(991, 3, 246, 'Wattgama', 1, ''),
(992, 3, 112, 'Weligama', 1, ''),
(993, 3, 136, 'Welimada', 1, ''),
(994, 3, 228, 'Weliweria', 1, ''),
(995, 3, 10, 'Wellawatte', 1, ''),
(996, 3, 179, 'Wellawatte 2nd', 1, ''),
(997, 3, 160, 'Wellawaya', 1, ''),
(998, 3, 26, 'Wennappuwa', 1, ''),
(999, 3, 248, 'Wennapuwa (Arpico) Super', 1, ''),
(1000, 3, 178, 'World Trade Centre', 1, ''),
(1001, 3, 85, 'Yakkala', 1, ''),
(1002, 42, 114, 'Akkaraipattu', 1, ''),
(1003, 42, 138, 'Akurana', 1, ''),
(1004, 42, 98, 'Akuressa', 1, ''),
(1005, 42, 81, 'Aluthgama', 1, ''),
(1006, 42, 1, 'Ambalangoda', 1, ''),
(1007, 42, 5, 'Ambalantota', 1, ''),
(1008, 42, 77, 'Ampara', 1, ''),
(1009, 42, 127, 'Anamaduwa', 1, ''),
(1010, 42, 120, 'Angunakolapelessa', 1, ''),
(1011, 42, 76, 'Anuradhapura', 1, ''),
(1012, 42, 73, 'Aralaganwila', 1, ''),
(1013, 42, 74, 'Avissawella', 1, ''),
(1014, 42, 124, 'Baddegama', 1, ''),
(1015, 42, 8, 'Badulla', 1, ''),
(1016, 42, 97, 'Bakamuna', 1, ''),
(1017, 42, 22, 'Balangoda', 1, ''),
(1018, 42, 51, 'Bandaragama', 1, ''),
(1019, 42, 3, 'Bandarawela', 1, ''),
(1020, 42, 111, 'Battaramulla', 1, ''),
(1021, 42, 2, 'Batticaloa', 1, ''),
(1022, 42, 132, 'Beruwala', 1, ''),
(1023, 42, 108, 'Bibile', 1, ''),
(1024, 42, 113, 'Chavakachcheri', 1, ''),
(1025, 42, 119, 'Chilaw', 1, ''),
(1026, 42, 90, 'Chunnakam', 1, ''),
(1027, 42, 64, 'City Office-A', 1, ''),
(1028, 42, 14, 'City Office-B', 1, ''),
(1029, 42, 58, 'City Office-C', 1, ''),
(1030, 42, 49, 'City Office-Colombo', 1, ''),
(1031, 42, 68, 'City Office-D', 1, ''),
(1032, 42, 9, 'City Office-E', 1, ''),
(1033, 42, 56, 'City Office-F', 1, ''),
(1034, 42, 55, 'City Office-G', 1, ''),
(1035, 42, 66, 'City Office-H', 1, ''),
(1036, 42, 4, 'City Office-I', 1, ''),
(1037, 42, 71, 'City Office-J', 1, ''),
(1038, 42, 57, 'City Office-K', 1, ''),
(1039, 42, 34, 'City Office-M', 1, ''),
(1040, 42, 50, 'City Office-None Fd', 1, ''),
(1041, 42, 47, 'City Office-P', 1, ''),
(1042, 42, 59, 'City Office-Q', 1, ''),
(1043, 42, 37, 'City Office-S', 1, ''),
(1044, 42, 63, 'Dambulla', 1, ''),
(1045, 42, 60, 'Dehiattakandiya', 1, ''),
(1046, 42, 89, 'Delft', 1, ''),
(1047, 42, 62, 'Deniyaya', 1, ''),
(1048, 42, 118, 'Deraniyagala', 1, ''),
(1049, 42, 131, 'Divulapitiya', 1, ''),
(1050, 42, 61, 'Elpitiya', 1, ''),
(1051, 42, 13, 'Embilipitiya', 1, ''),
(1052, 42, 137, 'Galagedara', 1, ''),
(1053, 42, 67, 'Galenbindunuwewa', 1, ''),
(1054, 42, 136, 'Galgamuwa', 1, ''),
(1055, 42, 65, 'Galle', 1, ''),
(1056, 42, 39, 'Galnewa', 1, ''),
(1057, 42, 41, 'Gampaha', 1, ''),
(1058, 42, 93, 'Gampola', 1, ''),
(1059, 42, 105, 'Giriulla', 1, ''),
(1060, 42, 130, 'Godakawela', 1, ''),
(1061, 42, 104, 'Hatton', 1, ''),
(1062, 42, 17, 'Hingurakgoda', 1, ''),
(1063, 42, 32, 'Homagama', 1, ''),
(1064, 42, 79, 'Horana', 1, ''),
(1065, 42, 83, 'Horowpathana', 1, ''),
(1066, 42, 123, 'Ingiriya', 1, ''),
(1067, 42, 133, 'Ja-Ela', 1, ''),
(1068, 42, 78, 'Jaffna', 1, ''),
(1069, 42, 16, 'Kaduwela', 1, ''),
(1070, 42, 129, 'Kalawana', 1, ''),
(1071, 42, 12, 'Kalmunai', 1, ''),
(1072, 42, 46, 'Kalpitiya', 1, ''),
(1073, 42, 10, 'Kalutara', 1, ''),
(1074, 42, 135, 'Kaluwanchikudy', 1, ''),
(1075, 42, 70, 'Kandy', 1, ''),
(1076, 42, 7, 'Kanthale', 1, ''),
(1077, 42, 72, 'Kcc', 1, ''),
(1078, 42, 69, 'Kegalle', 1, ''),
(1079, 42, 87, 'Kekirawa', 1, ''),
(1080, 42, 53, 'Kilinochchi', 1, ''),
(1081, 42, 128, 'Kinniya', 1, ''),
(1082, 42, 139, 'Kiribathgoda', 1, ''),
(1083, 42, 102, 'Kirindiwela', 1, ''),
(1084, 42, 52, 'Kuliyapitiya', 1, ''),
(1085, 42, 6, 'Kurunegala', 1, ''),
(1086, 42, 110, 'Mahaoya', 1, ''),
(1087, 42, 48, 'Maharagama', 1, ''),
(1088, 42, 43, 'Mahiyanganaya', 1, ''),
(1089, 42, 45, 'Mannar', 1, ''),
(1090, 42, 18, 'Matale', 1, ''),
(1091, 42, 44, 'Matara', 1, ''),
(1092, 42, 31, 'Mathugama', 1, ''),
(1093, 42, 29, 'Medawachchiya', 1, ''),
(1094, 42, 96, 'Melsiripura', 1, ''),
(1095, 42, 54, 'Monaragala', 1, ''),
(1096, 42, 30, 'Moratuwa', 1, ''),
(1097, 42, 99, 'Mount Lavinia', 1, ''),
(1098, 42, 117, 'Mullativu', 1, ''),
(1099, 42, 101, 'Muthur', 1, ''),
(1100, 42, 126, 'Naththandiya', 1, ''),
(1101, 42, 38, 'Nawalapitiya', 1, ''),
(1102, 42, 35, 'Negombo', 1, ''),
(1103, 42, 19, 'Nelliady', 1, ''),
(1104, 42, 84, 'Neluwa', 1, ''),
(1105, 42, 36, 'Nikaweratiya', 1, ''),
(1106, 42, 25, 'Nittambuwa', 1, ''),
(1107, 42, 82, 'Nochchiyagama', 1, ''),
(1108, 42, 33, 'Nugegoda', 1, ''),
(1109, 42, 23, 'Nuwara Eliya', 1, ''),
(1110, 42, 21, 'Padaviya', 1, ''),
(1111, 42, 91, 'Panadura', 1, ''),
(1112, 42, 121, 'Pilimathalawa', 1, ''),
(1113, 42, 134, 'Piliyandala', 1, ''),
(1114, 42, 26, 'Polonnaruwa', 1, ''),
(1115, 42, 112, 'Polpithigama', 1, ''),
(1116, 42, 107, 'Pothuvil', 1, ''),
(1117, 42, 86, 'Pulmude', 1, ''),
(1118, 42, 116, 'Pussellawa', 1, ''),
(1119, 42, 28, 'Puttalam', 1, ''),
(1120, 42, 27, 'Ratnapura', 1, ''),
(1121, 42, 40, 'Rikillagaskada', 1, ''),
(1122, 42, 85, 'Siyambalanduwa', 1, ''),
(1123, 42, 125, 'Tangalle', 1, ''),
(1124, 42, 103, 'Teldeniya', 1, ''),
(1125, 42, 42, 'Thambuththegama', 1, ''),
(1126, 42, 106, 'Thanamalwila', 1, ''),
(1127, 42, 122, 'Tissamaharama', 1, ''),
(1128, 42, 20, 'Trincomalee', 1, ''),
(1129, 42, 95, 'Udugama', 1, ''),
(1130, 42, 115, 'Valaichchenai', 1, ''),
(1131, 42, 24, 'Vavuniya', 1, ''),
(1132, 42, 109, 'Warakapola', 1, ''),
(1133, 42, 94, 'Wariyapola', 1, ''),
(1134, 42, 11, 'Wattala', 1, ''),
(1135, 42, 92, 'Weligama', 1, ''),
(1136, 42, 100, 'Welikanda', 1, ''),
(1137, 42, 80, 'Welimada', 1, ''),
(1138, 42, 75, 'Wellawatte', 1, ''),
(1139, 42, 140, 'Wellawaya', 1, ''),
(1140, 42, 15, 'Wennappuwa', 1, ''),
(1141, 24, 1, 'Head Office', 1, ''),
(1142, 24, 2, 'Virtual Branch', 1, ''),
(1143, 16, 0, 'Head Office', 1, ''),
(1144, 16, 999, 'Head Office', 1, ''),
(1145, 16, 1, 'Main Branch', 1, ''),
(1146, 12, 58, 'Akkaraipattu', 1, ''),
(1147, 12, 54, 'Akuressa', 1, ''),
(1148, 12, 38, 'Ambalangoda', 1, ''),
(1149, 12, 41, 'Ampara', 1, ''),
(1150, 12, 9, 'Anuradhapura', 1, ''),
(1151, 12, 85, 'Aralaganwila', 1, ''),
(1152, 12, 39, 'Avissawella', 1, ''),
(1153, 12, 11, 'Badulla', 1, ''),
(1154, 12, 80, 'Balangoda', 1, ''),
(1155, 12, 81, 'Bandaragama', 1, ''),
(1156, 12, 15, 'Bandaranayake Mawatha', 1, ''),
(1157, 12, 17, 'Bandarawela', 1, ''),
(1158, 12, 40, 'Batticaloa', 1, ''),
(1159, 12, 12, 'Borella', 1, ''),
(1160, 12, 800, 'Central Operations', 1, ''),
(1161, 12, 531, 'Central Province SLP Units', 1, ''),
(1162, 12, 32, 'Chilaw', 1, ''),
(1163, 12, 59, 'Chunnakam', 1, ''),
(1164, 12, 7, 'City Office', 1, ''),
(1165, 12, 20, 'Dambulla', 1, ''),
(1166, 12, 94, 'Dankotuwa', 1, ''),
(1167, 12, 84, 'Dehiattakandiya', 1, ''),
(1168, 12, 25, 'Deniyaya', 1, ''),
(1169, 12, 65, 'Digana', 1, ''),
(1170, 12, 561, 'Eastern? Province SLP Units', 1, ''),
(1171, 12, 68, 'Eheliyagoda', 1, ''),
(1172, 12, 53, 'Elpitiya', 1, ''),
(1173, 12, 45, 'Embilipitiya', 1, ''),
(1174, 12, 67, 'Galewela', 1, ''),
(1175, 12, 35, 'Galle', 1, ''),
(1176, 12, 10, 'Gampaha', 1, ''),
(1177, 12, 30, 'Gampola', 1, ''),
(1178, 12, 76, 'Gangodawila', 1, ''),
(1179, 12, 90, 'Giriulla', 1, ''),
(1180, 12, 62, 'Hambantota', 1, ''),
(1181, 12, 73, 'Hatton', 1, ''),
(1182, 12, 1, 'Head Office', 1, ''),
(1183, 12, 999, 'Head Office', 1, ''),
(1184, 12, 92, 'Hikkaduwa', 1, ''),
(1185, 12, 79, 'Hingurakgoda', 1, ''),
(1186, 12, 34, 'Horana', 1, ''),
(1187, 12, 75, 'Ibbagamuwa', 1, ''),
(1188, 12, 63, 'Ja Ela', 1, ''),
(1189, 12, 42, 'Jaffna', 1, ''),
(1190, 12, 29, 'Kadawatha', 1, ''),
(1191, 12, 14, 'Kaduruwela', 1, ''),
(1192, 12, 78, 'Kaduwela', 1, ''),
(1193, 12, 88, 'Kahawatta', 1, ''),
(1194, 12, 37, 'Kalawana', 1, ''),
(1195, 12, 26, 'Kaluthara', 1, ''),
(1196, 12, 83, 'Kandy City Centre', 1, ''),
(1197, 12, 55, 'Kattankudy', 1, ''),
(1198, 12, 6, 'Katugastota', 1, ''),
(1199, 12, 48, 'Katugastota', 1, ''),
(1200, 12, 49, 'Kegalle', 1, ''),
(1201, 12, 52, 'Kilinochchi', 1, ''),
(1202, 12, 27, 'Kiribathgoda', 1, ''),
(1203, 12, 89, 'Kochchikade', 1, ''),
(1204, 12, 64, 'Kotahena', 1, ''),
(1205, 12, 19, 'Kottawa', 1, ''),
(1206, 12, 22, 'Kuliyapitiya', 1, ''),
(1207, 12, 5, 'Kurunegala', 1, ''),
(1208, 12, 16, 'Maharagama', 1, ''),
(1209, 12, 3, 'Malabe', 1, ''),
(1210, 12, 60, 'Manipai', 1, ''),
(1211, 12, 31, 'Matale', 1, ''),
(1212, 12, 4, 'Matara', 1, ''),
(1213, 12, 69, 'Mathugama', 1, ''),
(1214, 12, 86, 'Medirigiriya', 1, ''),
(1215, 12, 50, 'Monaragala', 1, ''),
(1216, 12, 43, 'Moratuwa', 1, ''),
(1217, 12, 72, 'Mount Lavinia', 1, ''),
(1218, 12, 70, 'Narammala', 1, ''),
(1219, 12, 28, 'Nawala', 1, ''),
(1220, 12, 93, 'Nawalapitiya', 1, ''),
(1221, 12, 18, 'Negombo', 1, ''),
(1222, 12, 61, 'Nelliady', 1, ''),
(1223, 12, 71, 'Nikaweratiya', 1, ''),
(1224, 12, 551, 'North Central? Province SLP Units', 1, ''),
(1225, 12, 521, 'North Western Province SLP Units', 1, ''),
(1226, 12, 2, 'Nugegoda', 1, ''),
(1227, 12, 36, 'Nuwara Eliya', 1, ''),
(1228, 12, 57, 'Oddamavadi', 1, ''),
(1229, 12, 23, 'Panadura', 1, ''),
(1230, 12, 82, 'Peradeniya', 1, ''),
(1231, 12, 46, 'Pettah Peoples Park', 1, ''),
(1232, 12, 87, 'Pettah-Main Street', 1, ''),
(1233, 12, 24, 'Piliyandala', 1, ''),
(1234, 12, 700, 'Premier Banking Centre', 1, ''),
(1235, 12, 8, 'Rathnapura', 1, ''),
(1236, 12, 541, 'Sabaragamuwa Province SLP Units', 1, ''),
(1237, 12, 51, 'Sainthamaruthu', 1, ''),
(1238, 12, 501, 'Southern Province SLP Units', 1, ''),
(1239, 12, 56, 'Tangalle', 1, ''),
(1240, 12, 66, 'Thambuttegama', 1, ''),
(1241, 12, 44, 'Trincomalee', 1, ''),
(1242, 12, 571, 'Uva Province SLP Units', 1, ''),
(1243, 12, 47, 'Vavuniya', 1, ''),
(1244, 12, 21, 'Wattala', 1, ''),
(1245, 12, 77, 'Weligama', 1, ''),
(1246, 12, 74, 'Welimada', 1, ''),
(1247, 12, 33, 'Wellawatte', 1, ''),
(1248, 12, 91, 'Wennappuwa', 1, ''),
(1249, 12, 511, 'Western? Province SLP Units', 1, ''),
(1250, 17, 2, 'Dharmapala Mawatha', 1, ''),
(1251, 17, 6, 'Galle', 1, ''),
(1252, 17, 0, 'Habib Bank Ltd', 1, ''),
(1253, 17, 999, 'Head Office', 1, ''),
(1254, 17, 21, 'Islamic Banking', 1, ''),
(1255, 17, 3, 'Kalmunai', 1, ''),
(1256, 17, 5, 'Kandy', 1, ''),
(1257, 17, 1, 'Pettah', 1, ''),
(1258, 17, 7, 'Wellawatte', 1, ''),
(1259, 7, 78, 'Akkaraipattu', 1, ''),
(1260, 7, 236, 'Akurana', 1, ''),
(1261, 7, 151, 'Akuressa', 1, ''),
(1262, 7, 123, 'Alawwa', 1, ''),
(1263, 7, 109, 'Aluthgama', 1, ''),
(1264, 7, 1, 'Aluthkade', 1, ''),
(1265, 7, 81, 'Ambalangoda', 1, ''),
(1266, 7, 45, 'Ambalantota', 1, ''),
(1267, 7, 58, 'Ampara', 1, ''),
(1268, 7, 177, 'Anamaduwa', 1, ''),
(1269, 7, 239, 'Angunakolapelassa', 1, ''),
(1270, 7, 10, 'Anuradhapura', 1, ''),
(1271, 7, 232, 'Anuradhapura Metro', 1, ''),
(1272, 7, 193, 'Aralaganwila', 1, ''),
(1273, 7, 249, 'Asiri Surgical Hospital', 1, ''),
(1274, 7, 189, 'Atchchuvely', 1, ''),
(1275, 7, 154, 'Athurugiriya', 1, ''),
(1276, 7, 111, 'Avissawella', 1, ''),
(1277, 7, 11, 'Badulla', 1, ''),
(1278, 7, 71, 'Balangoda', 1, ''),
(1279, 7, 39, 'Bambalapitiya', 1, ''),
(1280, 7, 201, 'Bandaragama', 1, ''),
(1281, 7, 12, 'Bandarawela', 1, ''),
(1282, 7, 215, 'Batapola', 1, ''),
(1283, 7, 57, 'Batticaloa', 1, ''),
(1284, 7, 160, 'Beruwela', 1, ''),
(1285, 7, 233, 'Bibile', 1, ''),
(1286, 7, 47, 'Biyagama', 1, ''),
(1287, 7, 60, 'Bogawanthalawa', 1, ''),
(1288, 7, 112, 'Boralesgamuwa', 1, ''),
(1289, 7, 55, 'Borella', 1, ''),
(1290, 7, 75, 'Buttala', 1, ''),
(1291, 7, 113, 'Card Centre', 1, ''),
(1292, 7, 114, 'Central Colombo', 1, ''),
(1293, 7, 157, 'Chankanai', 1, ''),
(1294, 7, 137, 'Chavakachcheri', 1, ''),
(1295, 7, 40, 'Chilaw', 1, ''),
(1296, 7, 117, 'Chunnakam', 1, ''),
(1297, 7, 76, 'Cinnamon Gardens', 1, ''),
(1298, 7, 2, 'City Office', 1, ''),
(1299, 7, 48, 'Dambulla', 1, ''),
(1300, 7, 70, 'Dankotuwa', 1, ''),
(1301, 7, 196, 'Dehiattakandiya', 1, ''),
(1302, 7, 93, 'Dehiwala', 1, ''),
(1303, 7, 122, 'Delgoda', 1, ''),
(1304, 7, 103, 'Dematagoda', 1, ''),
(1305, 7, 120, 'Deniyaya Customer Centre', 1, ''),
(1306, 7, 238, 'Devinuwara', 1, ''),
(1307, 7, 176, 'Digana', 1, ''),
(1308, 7, 178, 'Dikwella', 1, ''),
(1309, 7, 229, 'Divulapitiya', 1, ''),
(1310, 7, 230, 'Ekala', 1, ''),
(1311, 7, 107, 'Elpitiya', 1, ''),
(1312, 7, 50, 'Embilipitiya', 1, ''),
(1313, 7, 135, 'Eravur', 1, ''),
(1314, 7, 198, 'Galaha', 1, ''),
(1315, 7, 149, 'Galewela', 1, ''),
(1316, 7, 128, 'Galgamuwa', 1, ''),
(1317, 7, 13, 'Galle', 1, ''),
(1318, 7, 51, 'Gampaha', 1, ''),
(1319, 7, 14, 'Gampola', 1, ''),
(1320, 7, 136, 'Ganemulla', 1, ''),
(1321, 7, 218, 'Gelioya', 1, ''),
(1322, 7, 173, 'Ginigathhena', 1, ''),
(1323, 7, 148, 'Giriulla', 1, ''),
(1324, 7, 235, 'Godakawela', 1, ''),
(1325, 7, 46, 'Grandpass', 1, ''),
(1326, 7, 5, 'Green Path', 1, ''),
(1327, 7, 200, 'Hakmana', 1, ''),
(1328, 7, 68, 'Hambantota', 1, ''),
(1329, 7, 139, 'Hanwella', 1, ''),
(1330, 7, 234, 'Haputale', 1, ''),
(1331, 7, 15, 'Hatton', 1, ''),
(1332, 7, 3, 'Head Office', 1, ''),
(1333, 7, 4, 'Head Office', 1, ''),
(1334, 7, 131, 'Hendala', 1, ''),
(1335, 7, 152, 'Hettipola', 1, ''),
(1336, 7, 202, 'Hikkaduwa', 1, ''),
(1337, 7, 77, 'Homagama', 1, ''),
(1338, 7, 52, 'Horana', 1, ''),
(1339, 7, 63, 'Hulftsdorp', 1, ''),
(1340, 7, 245, 'Ingiriya', 1, ''),
(1341, 7, 54, 'International Division', 1, ''),
(1342, 7, 250, 'Islamic Banking Unit', 1, ''),
(1343, 7, 87, 'Ja-Ela', 1, ''),
(1344, 7, 219, 'Jaffna', 1, ''),
(1345, 7, 16, 'Jaffna Metro', 1, ''),
(1346, 7, 207, 'Jampettah Street', 1, ''),
(1347, 7, 84, 'Kadawatha', 1, ''),
(1348, 7, 82, 'Kaduwela', 1, ''),
(1349, 7, 17, 'Kahawatte', 1, ''),
(1350, 7, 241, 'Kaithady', 1, ''),
(1351, 7, 197, 'Kalawana', 1, ''),
(1352, 7, 192, 'Kallady', 1, ''),
(1353, 7, 91, 'Kalmunai', 1, ''),
(1354, 7, 34, 'Kalutara', 1, ''),
(1355, 7, 165, 'Kaluwanchikudy', 1, ''),
(1356, 7, 119, 'Kandana', 1, ''),
(1357, 7, 18, 'Kandy', 1, ''),
(1358, 7, 95, 'Kantale', 1, ''),
(1359, 7, 184, 'Karaitive', 1, ''),
(1360, 7, 227, 'Karapitiya', 1, ''),
(1361, 7, 240, 'Kataragama', 1, ''),
(1362, 7, 211, 'Kattankudy', 1, ''),
(1363, 7, 100, 'Katugastota', 1, ''),
(1364, 7, 49, 'Katunayake', 1, ''),
(1365, 7, 41, 'Kegalle', 1, ''),
(1366, 7, 231, 'Kekirawa', 1, ''),
(1367, 7, 138, 'Kelaniya', 1, ''),
(1368, 7, 146, 'Kilinochchi South', 1, ''),
(1369, 7, 195, 'Killinochchi North', 1, ''),
(1370, 7, 169, 'Kinniya', 1, ''),
(1371, 7, 56, 'Kiribathgoda', 1, ''),
(1372, 7, 99, 'Kirindiwela', 1, ''),
(1373, 7, 43, 'Kirulapone', 1, ''),
(1374, 7, 155, 'Kochchikade', 1, ''),
(1375, 7, 190, 'Kodikamam', 1, ''),
(1376, 7, 237, 'Koggala', 1, ''),
(1377, 7, 129, 'Kohuwela', 1, ''),
(1378, 7, 115, 'Kollupitiya', 1, ''),
(1379, 7, 194, 'Kolonnawa', 1, ''),
(1380, 7, 96, 'Kotahena', 1, ''),
(1381, 7, 98, 'Kottawa', 1, ''),
(1382, 7, 74, 'Kuliyapitiya', 1, ''),
(1383, 7, 188, 'Kundasale', 1, ''),
(1384, 7, 206, 'Kurumankadu', 1, ''),
(1385, 7, 243, 'Kurunduwatte', 1, ''),
(1386, 7, 19, 'Kurunegala', 1, ''),
(1387, 7, 224, 'Kurunegala Metro', 1, ''),
(1388, 7, 251, 'Lanka Hospital', 1, ''),
(1389, 7, 248, 'Lotus Road', 1, ''),
(1390, 7, 168, 'Madampe', 1, ''),
(1391, 7, 64, 'Maharagama', 1, ''),
(1392, 7, 124, 'Mahiyanganaya', 1, ''),
(1393, 7, 156, 'Malabe', 1, ''),
(1394, 7, 6, 'Maligawatta', 1, ''),
(1395, 7, 212, 'Mallavi', 1, ''),
(1396, 7, 150, 'Manipay', 1, ''),
(1397, 7, 20, 'Mannar', 1, ''),
(1398, 7, 108, 'Maradana', 1, ''),
(1399, 7, 79, 'Marandagahamula', 1, ''),
(1400, 7, 80, 'Marawila', 1, ''),
(1401, 7, 185, 'Maruthamunai', 1, ''),
(1402, 7, 21, 'Maskeliya', 1, ''),
(1403, 7, 65, 'Matale', 1, ''),
(1404, 7, 42, 'Matara', 1, ''),
(1405, 7, 125, 'Mathugama', 1, ''),
(1406, 7, 89, 'Mawanella', 1, ''),
(1407, 7, 143, 'Medawachchiya', 1, ''),
(1408, 7, 179, 'Medirigiriya', 1, ''),
(1409, 7, 127, 'Middeniya', 1, ''),
(1410, 7, 94, 'Minuwangoda', 1, ''),
(1411, 7, 180, 'Mirigama', 1, ''),
(1412, 7, 204, 'Mirihana', 1, ''),
(1413, 7, 53, 'Monaragala', 1, ''),
(1414, 7, 73, 'Moratumulla', 1, ''),
(1415, 7, 22, 'Moratuwa', 1, ''),
(1416, 7, 61, 'Mount Lavinia', 1, ''),
(1417, 7, 183, 'Mullativu', 1, ''),
(1418, 7, 174, 'Mullipothanai', 1, ''),
(1419, 7, 205, 'Mulliyawalai', 1, ''),
(1420, 7, 191, 'Muthur', 1, ''),
(1421, 7, 97, 'Mutwal', 1, ''),
(1422, 7, 172, 'Nanattan', 1, ''),
(1423, 7, 104, 'Narahenpita', 1, ''),
(1424, 7, 147, 'Nawala', 1, ''),
(1425, 7, 23, 'Nawalapitiya', 1, ''),
(1426, 7, 701, 'Nawam Mawatha', 1, ''),
(1427, 7, 24, 'Negombo', 1, ''),
(1428, 7, 145, 'Negombo Metro', 1, ''),
(1429, 7, 118, 'Nelliady', 1, ''),
(1430, 7, 121, 'Nikaweratiya', 1, ''),
(1431, 7, 159, 'Ninthavur', 1, ''),
(1432, 7, 25, 'Nittambuwa', 1, ''),
(1433, 7, 26, 'Nochchiyagama', 1, ''),
(1434, 7, 133, 'Norochchole', 1, ''),
(1435, 7, 27, 'Nugegoda', 1, ''),
(1436, 7, 28, 'Nuwara Eliya', 1, '');
INSERT INTO `bank_brch` (`brid`, `bnid`, `brcd`, `bcnm`, `stat`, `remk`) VALUES
(1437, 7, 181, 'Padavi Parakramapura', 1, ''),
(1438, 7, 140, 'Padukka', 1, ''),
(1439, 7, 221, 'Pamankada', 1, ''),
(1440, 7, 210, 'Pamunugama', 1, ''),
(1441, 7, 69, 'Panadura', 1, ''),
(1442, 7, 59, 'Panchikawatta', 1, ''),
(1443, 7, 220, 'Passara', 1, ''),
(1444, 7, 228, 'Peliyagoda', 1, ''),
(1445, 7, 101, 'Pelmadulla', 1, ''),
(1446, 7, 223, 'Peradeniya', 1, ''),
(1447, 7, 7, 'Pettah', 1, ''),
(1448, 7, 247, 'Pettah Metro', 1, ''),
(1449, 7, 141, 'Pilimatalawa', 1, ''),
(1450, 7, 38, 'Piliyandala', 1, ''),
(1451, 7, 66, 'Pinnawala', 1, ''),
(1452, 7, 187, 'Pitigala', 1, ''),
(1453, 7, 132, 'Point Pedro', 1, ''),
(1454, 7, 44, 'Polonnaruwa', 1, ''),
(1455, 7, 158, 'Pottuvil', 1, ''),
(1456, 7, 166, 'Pugoda', 1, ''),
(1457, 7, 29, 'Pussellawa', 1, ''),
(1458, 7, 83, 'Puttalam', 1, ''),
(1459, 7, 244, 'Ragala', 1, ''),
(1460, 7, 102, 'Ragama', 1, ''),
(1461, 7, 208, 'Ratmalana', 1, ''),
(1462, 7, 30, 'Ratnapura', 1, ''),
(1463, 7, 162, 'Rikillagaskada', 1, ''),
(1464, 7, 222, 'Sammanthurai', 1, ''),
(1465, 7, 72, 'Sea Street', 1, ''),
(1466, 7, 209, 'Seeduwa', 1, ''),
(1467, 7, 186, 'Serunuwara', 1, ''),
(1468, 7, 170, 'Siyabalanduwa', 1, ''),
(1469, 7, 36, 'Sri Jay?awardanapura Kotte', 1, ''),
(1470, 7, 67, 'Suriyawewa', 1, ''),
(1471, 7, 85, 'Talangama', 1, ''),
(1472, 7, 86, 'Tangalle', 1, ''),
(1473, 7, 246, 'Thalawakele', 1, ''),
(1474, 7, 142, 'Thalawathugoda', 1, ''),
(1475, 7, 88, 'Thambuttegama', 1, ''),
(1476, 7, 164, 'Thandenweli', 1, ''),
(1477, 7, 92, 'Thimbirigasyaya', 1, ''),
(1478, 7, 134, 'Thirukovil', 1, ''),
(1479, 7, 144, 'Thirunelvely', 1, ''),
(1480, 7, 90, 'Tissamaharama', 1, ''),
(1481, 7, 105, 'Treasury Division', 1, ''),
(1482, 7, 31, 'Trincomalee', 1, ''),
(1483, 7, 225, 'Trincomalee Metro', 1, ''),
(1484, 7, 171, 'Udappuwa', 1, ''),
(1485, 7, 182, 'Uhana', 1, ''),
(1486, 7, 175, 'Uppuvelli', 1, ''),
(1487, 7, 199, 'Urubokka', 1, ''),
(1488, 7, 167, 'Valachchenai', 1, ''),
(1489, 7, 32, 'Vavuniya', 1, ''),
(1490, 7, 161, 'Velanai', 1, ''),
(1491, 7, 214, 'Veyangoda', 1, ''),
(1492, 7, 203, 'Wadduwa', 1, ''),
(1493, 7, 217, 'Walasmulla', 1, ''),
(1494, 7, 126, 'Warakapola', 1, ''),
(1495, 7, 153, 'Wariyapola', 1, ''),
(1496, 7, 35, 'Wattala', 1, ''),
(1497, 7, 213, 'Weligama', 1, ''),
(1498, 7, 33, 'Welimada', 1, ''),
(1499, 7, 130, 'Weliweriya', 1, ''),
(1500, 7, 9, 'Wellawatta', 1, ''),
(1501, 7, 106, 'Wellawaya', 1, ''),
(1502, 7, 110, 'Wennappuwa', 1, ''),
(1503, 7, 226, 'Wijerama', 1, ''),
(1504, 7, 703, 'World Trade Centre', 1, ''),
(1505, 7, 163, 'Yakkala', 1, ''),
(1506, 7, 216, 'Yakkalamulla', 1, ''),
(1507, 33, 1, 'Head Office', 1, ''),
(1508, 9, 7, 'Bambalapitiya', 1, ''),
(1509, 9, 3, 'Colpetty', 1, ''),
(1510, 9, 22, 'Galle', 1, ''),
(1511, 9, 1, 'Head Office', 1, ''),
(1512, 9, 999, 'Head Office', 1, ''),
(1513, 9, 0, 'Hongkong & Shanghai Bank', 1, ''),
(1514, 9, 21, 'Jaffna', 1, ''),
(1515, 9, 2, 'Kandy', 1, ''),
(1516, 9, 20, 'kohuwela', 1, ''),
(1517, 9, 18, 'Moratuwa', 1, ''),
(1518, 9, 17, 'Negombo', 1, ''),
(1519, 9, 5, 'Nugegoda', 1, ''),
(1520, 9, 8, 'Pelawatte', 1, ''),
(1521, 9, 15, 'Premier Centre', 1, ''),
(1522, 9, 12, 'Union Place', 1, ''),
(1523, 9, 14, 'Wattala', 1, ''),
(1524, 9, 4, 'Wellawatte', 1, ''),
(1525, 9, 6, 'World Trade Center', 1, ''),
(1526, 18, 1, 'Sri Lanka Branch', 1, ''),
(1527, 28, 0, 'Head Office', 1, ''),
(1528, 28, 1, 'Head Office', 1, ''),
(1529, 28, 999, 'Head Office', 1, ''),
(1530, 28, 2, 'Jaffna', 1, ''),
(1531, 15, 0, 'Head Office', 1, ''),
(1532, 15, 999, 'Head Office', 1, ''),
(1533, 15, 1, 'Matara', 1, ''),
(1534, 21, 1, 'Head Office', 1, ''),
(1535, 41, 0, 'Head Office', 1, ''),
(1536, 34, 55, 'Akkaraipattu', 1, ''),
(1537, 34, 87, 'Akuressa', 1, ''),
(1538, 34, 69, 'Aluthgama', 1, ''),
(1539, 34, 15, 'Ambalangoda', 1, ''),
(1540, 34, 16, 'Ampara', 1, ''),
(1541, 34, 8, 'Anuradhapura', 1, ''),
(1542, 34, 59, 'Anuradhapura 02', 1, ''),
(1543, 34, 17, 'Avissawella', 1, ''),
(1544, 34, 6, 'Badulla', 1, ''),
(1545, 34, 82, 'Badulla City', 1, ''),
(1546, 34, 24, 'Balangoda', 1, ''),
(1547, 34, 26, 'Bandarawela', 1, ''),
(1548, 34, 92, 'Battaramulla', 1, ''),
(1549, 34, 29, 'Batticaloa', 1, ''),
(1550, 34, 22, 'Boralesgamuwa', 1, ''),
(1551, 34, 46, 'Chavakachcheri', 1, ''),
(1552, 34, 96, 'Chenkalady', 1, ''),
(1553, 34, 19, 'Chilaw', 1, ''),
(1554, 34, 44, 'Chunnakam', 1, ''),
(1555, 34, 2, 'Corporate Office', 1, ''),
(1556, 34, 86, 'Dam Street', 1, ''),
(1557, 34, 23, 'Dambulla', 1, ''),
(1558, 34, 27, 'Dehiwala', 1, ''),
(1559, 34, 84, 'Delkada', 1, ''),
(1560, 34, 98, 'Deniyaya', 1, ''),
(1561, 34, 30, 'Elpitiya', 1, ''),
(1562, 34, 28, 'Embilipitiya', 1, ''),
(1563, 34, 9, 'Galle', 1, ''),
(1564, 34, 18, 'Gampaha', 1, ''),
(1565, 34, 40, 'Gampola', 1, ''),
(1566, 34, 50, 'Hatton', 1, ''),
(1567, 34, 1, 'Head Office', 1, ''),
(1568, 34, 75, 'Homagama', 1, ''),
(1569, 34, 41, 'Horana', 1, ''),
(1570, 34, 83, 'Ja Ela', 1, ''),
(1571, 34, 43, 'Jaffna', 1, ''),
(1572, 34, 99, 'Jaffna City', 1, ''),
(1573, 34, 100, 'Jaffna Premier', 1, ''),
(1574, 34, 42, 'Kadawatha', 1, ''),
(1575, 34, 73, 'Kaduwela', 1, ''),
(1576, 34, 66, 'Kalawanchikudy', 1, ''),
(1577, 34, 64, 'Kalmunai', 1, ''),
(1578, 34, 14, 'Kalutara', 1, ''),
(1579, 34, 32, 'Kandana', 1, ''),
(1580, 34, 5, 'Kandy', 1, ''),
(1581, 34, 70, 'Kandy City', 1, ''),
(1582, 34, 85, 'Kaththankudi', 1, ''),
(1583, 34, 63, 'Katugasthota', 1, ''),
(1584, 34, 25, 'Kegalle', 1, ''),
(1585, 34, 47, 'Kilinochchi', 1, ''),
(1586, 34, 10, 'Kiribathgoda', 1, ''),
(1587, 34, 57, 'Kochchikade', 1, ''),
(1588, 34, 58, 'Kotahena', 1, ''),
(1589, 34, 104, 'Kottawa', 1, ''),
(1590, 34, 81, 'Kotte', 1, ''),
(1591, 34, 37, 'Kuliyapitiya', 1, ''),
(1592, 34, 11, 'Kurunegala', 1, ''),
(1593, 34, 76, 'Kurunegala City', 1, ''),
(1594, 34, 93, 'Kurunegala Premier Centre', 1, ''),
(1595, 34, 36, 'Maharagama', 1, ''),
(1596, 34, 33, 'Mahiyanganaya', 1, ''),
(1597, 34, 72, 'Malabe', 1, ''),
(1598, 34, 45, 'Manipay', 1, ''),
(1599, 34, 31, 'Maradana', 1, ''),
(1600, 34, 77, 'Maskeliya', 1, ''),
(1601, 34, 35, 'Matale', 1, ''),
(1602, 34, 13, 'Matara', 1, ''),
(1603, 34, 68, 'Matara City', 1, ''),
(1604, 34, 52, 'Matugama', 1, ''),
(1605, 34, 95, 'Medawachchiya', 1, ''),
(1606, 34, 88, 'Monaragala', 1, ''),
(1607, 34, 65, 'Moratumulla', 1, ''),
(1608, 34, 94, 'Moratuwa', 1, ''),
(1609, 34, 90, 'Mount Lavinia', 1, ''),
(1610, 34, 74, 'Nawalapitiya', 1, ''),
(1611, 34, 4, 'Negambo', 1, ''),
(1612, 34, 51, 'Nelliady', 1, ''),
(1613, 34, 91, 'Neluwa', 1, ''),
(1614, 34, 3, 'Nugegoda', 1, ''),
(1615, 34, 49, 'Nuwara Eliya', 1, ''),
(1616, 34, 7, 'Panadura', 1, ''),
(1617, 34, 62, 'Pilimathalawa', 1, ''),
(1618, 34, 21, 'Piliyandala', 1, ''),
(1619, 34, 78, 'Pitigala', 1, ''),
(1620, 34, 20, 'Polonnaruwa', 1, ''),
(1621, 34, 56, 'Pothuvil', 1, ''),
(1622, 34, 97, 'Pussellawa', 1, ''),
(1623, 34, 38, 'Puttalam', 1, ''),
(1624, 34, 60, 'Rajagiriya', 1, ''),
(1625, 34, 12, 'Ratnapura', 1, ''),
(1626, 34, 80, 'Saindamarthu', 1, ''),
(1627, 34, 79, 'Samanturei', 1, ''),
(1628, 34, 67, 'Sea Street', 1, ''),
(1629, 34, 89, 'Tangalle', 1, ''),
(1630, 34, 54, 'Thambuththegama', 1, ''),
(1631, 34, 34, 'Tissamaharama', 1, ''),
(1632, 34, 39, 'Trincomalee', 1, ''),
(1633, 34, 101, 'Valaichchenai', 1, ''),
(1634, 34, 48, 'Vavuniya', 1, ''),
(1635, 34, 71, 'Warakapola', 1, ''),
(1636, 34, 102, 'Wattala', 1, ''),
(1637, 34, 61, 'Welimada', 1, ''),
(1638, 34, 53, 'Wennappuwa', 1, ''),
(1639, 35, 7, 'Batticaloa', 1, ''),
(1640, 35, 8, 'Galle', 1, ''),
(1641, 35, 1, 'Head Office', 1, ''),
(1642, 35, 999, 'Head Office', 1, ''),
(1643, 35, 4, 'Islamic Banking Unit', 1, ''),
(1644, 35, 6, 'Kandy', 1, ''),
(1645, 35, 9, 'Kollupitiya', 1, ''),
(1646, 35, 3, 'Maradana', 1, ''),
(1647, 35, 0, 'Middle East Bank', 1, ''),
(1648, 35, 2, 'Pettah', 1, ''),
(1649, 35, 5, 'Wellawatte', 1, ''),
(1650, 43, 1, 'Head Office', 1, ''),
(1651, 23, 114, 'Ambalangoda', 1, ''),
(1652, 23, 116, 'Ambalantota', 1, ''),
(1653, 23, 115, 'Ampara', 1, ''),
(1654, 23, 112, 'Anuradhapura', 1, ''),
(1655, 23, 117, 'Avissawella', 1, ''),
(1656, 23, 118, 'Bandarawela', 1, ''),
(1657, 23, 119, 'Batticaloa', 1, ''),
(1658, 23, 120, 'Chilaw', 1, ''),
(1659, 23, 121, 'City Office', 1, ''),
(1660, 23, 122, 'Dambulla', 1, ''),
(1661, 23, 123, 'Deniyaya', 1, ''),
(1662, 23, 124, 'Embilipitiya', 1, ''),
(1663, 23, 107, 'Galle', 1, ''),
(1664, 23, 102, 'Gampaha', 1, ''),
(1665, 23, 125, 'Hambantota', 1, ''),
(1666, 23, 128, 'Hatton', 1, ''),
(1667, 23, 151, 'Head Office', 1, ''),
(1668, 23, 126, 'Hingurakgoda', 1, ''),
(1669, 23, 127, 'Horana', 1, ''),
(1670, 23, 129, 'Ja-Ela', 1, ''),
(1671, 23, 130, 'Jaffna', 1, ''),
(1672, 23, 101, 'Kadawatha', 1, ''),
(1673, 23, 135, 'Kakirawa', 1, ''),
(1674, 23, 105, 'Kalutara', 1, ''),
(1675, 23, 136, 'Kandana', 1, ''),
(1676, 23, 131, 'Kandy', 1, ''),
(1677, 23, 133, 'Kandy City Office', 1, ''),
(1678, 23, 134, 'Kilinochchi', 1, ''),
(1679, 23, 132, 'Kiribathgoda', 1, ''),
(1680, 23, 109, 'Kotahena', 1, ''),
(1681, 23, 104, 'Kottawa', 1, ''),
(1682, 23, 137, 'Kuliyapitiya', 1, ''),
(1683, 23, 110, 'Kurunegala', 1, ''),
(1684, 23, 138, 'Maharagama', 1, ''),
(1685, 23, 142, 'Matara', 1, ''),
(1686, 23, 143, 'Matugama', 1, ''),
(1687, 23, 141, 'Metropolitan', 1, ''),
(1688, 23, 140, 'Monaragala', 1, ''),
(1689, 23, 106, 'Moratuwa', 1, ''),
(1690, 23, 103, 'Negombo', 1, ''),
(1691, 23, 144, 'Nittambuwa', 1, ''),
(1692, 23, 108, 'Nugegoda', 1, ''),
(1693, 23, 145, 'Panadura', 1, ''),
(1694, 23, 146, 'Puttlam', 1, ''),
(1695, 23, 113, 'Ratnapura', 1, ''),
(1696, 23, 147, 'Trincomalee', 1, ''),
(1697, 23, 100, 'Union Place', 1, ''),
(1698, 23, 148, 'Vavuniya', 1, ''),
(1699, 23, 150, 'Wattala', 1, ''),
(1700, 23, 149, 'Wennappuwa', 1, ''),
(1701, 11, 94, 'Akkaraipattu', 1, ''),
(1702, 11, 65, 'Akuressa', 1, ''),
(1703, 11, 59, 'Aluthgama', 1, ''),
(1704, 11, 47, 'Ambalangoda', 1, ''),
(1705, 11, 48, 'Ambalantota', 1, ''),
(1706, 11, 40, 'Ampara', 1, ''),
(1707, 11, 19, 'Anuradhapura', 1, ''),
(1708, 11, 71, 'Athurugiriya', 1, ''),
(1709, 11, 34, 'Awissawella', 1, ''),
(1710, 11, 18, 'Badulla', 1, ''),
(1711, 11, 77, 'Balangoda', 1, ''),
(1712, 11, 51, 'Bandarawela', 1, ''),
(1713, 11, 90, 'Battaramulla', 1, ''),
(1714, 11, 39, 'Batticaloa', 1, ''),
(1715, 11, 72, 'Boralesgamuwa', 1, ''),
(1716, 11, 52, 'Borella', 1, ''),
(1717, 11, 99, 'Chavakachcheri', 1, ''),
(1718, 11, 93, 'Chenkalady', 1, ''),
(1719, 11, 10, 'Chilaw', 1, ''),
(1720, 11, 62, 'Chunnakam', 1, ''),
(1721, 11, 64, 'Dambulla', 1, ''),
(1722, 11, 78, 'Eheliyagoda', 1, ''),
(1723, 11, 67, 'Elpitiya', 1, ''),
(1724, 11, 58, 'Embilipitiya', 1, ''),
(1725, 11, 21, 'Galle', 1, ''),
(1726, 11, 29, 'Gampaha', 1, ''),
(1727, 11, 50, 'Gampola', 1, ''),
(1728, 11, 86, 'Giriulla', 1, ''),
(1729, 11, 57, 'Hambantota', 1, ''),
(1730, 11, 88, 'Handala', 1, ''),
(1731, 11, 96, 'Hanwella', 1, ''),
(1732, 11, 0, 'Head Office', 1, ''),
(1733, 11, 14, 'Head Office', 1, ''),
(1734, 11, 999, 'Head Office', 1, ''),
(1735, 11, 900, 'Head Office(Corporare)', 1, ''),
(1736, 11, 100, 'Head Office(Retail)', 1, ''),
(1737, 11, 102, 'Hingurakgoda', 1, ''),
(1738, 11, 30, 'Homagama', 1, ''),
(1739, 11, 27, 'Horana', 1, ''),
(1740, 11, 601, 'Islamic Banking Unit', 1, ''),
(1741, 11, 44, 'Ja Ela', 1, ''),
(1742, 11, 37, 'Jaffna', 1, ''),
(1743, 11, 3, 'Jawatta', 1, ''),
(1744, 11, 26, 'Kadawatha', 1, ''),
(1745, 11, 60, 'Kaduruwela', 1, ''),
(1746, 11, 55, 'Kaduwela', 1, ''),
(1747, 11, 84, 'Kahawatta', 1, ''),
(1748, 11, 83, 'Kakirawa', 1, ''),
(1749, 11, 53, 'kalmunai', 1, ''),
(1750, 11, 16, 'Kalutara', 1, ''),
(1751, 11, 28, 'Kandana', 1, ''),
(1752, 11, 2, 'Kandy', 1, ''),
(1753, 11, 80, 'Kandy City Centre', 1, ''),
(1754, 11, 109, 'Katana', 1, ''),
(1755, 11, 82, 'Katunayake', 1, ''),
(1756, 11, 17, 'Kegalle', 1, ''),
(1757, 11, 25, 'Kiribathgoda', 1, ''),
(1758, 11, 89, 'Kochchikade', 1, ''),
(1759, 11, 32, 'Kohuwala', 1, ''),
(1760, 11, 24, 'Kotahena', 1, ''),
(1761, 11, 42, 'Kuliyapitiya', 1, ''),
(1762, 11, 7, 'Kurunegala', 1, ''),
(1763, 11, 12, 'Maharagama', 1, ''),
(1764, 11, 105, 'Mahawewa', 1, ''),
(1765, 11, 75, 'Mahiyangana', 1, ''),
(1766, 11, 31, 'Malabe', 1, ''),
(1767, 11, 97, 'Manipai', 1, ''),
(1768, 11, 103, 'Marine Drive', 1, ''),
(1769, 11, 46, 'Matale', 1, ''),
(1770, 11, 6, 'Matara', 1, ''),
(1771, 11, 45, 'Matugama', 1, ''),
(1772, 11, 63, 'Minuwangoda', 1, ''),
(1773, 11, 70, 'Monaragala', 1, ''),
(1774, 11, 15, 'Moratuwa', 1, ''),
(1775, 11, 20, 'Mount Lavinia', 1, ''),
(1776, 11, 74, 'Narahenpita', 1, ''),
(1777, 11, 91, 'Narammala', 1, ''),
(1778, 11, 95, 'Natthandiya', 1, ''),
(1779, 11, 1, 'Navam Mawatha', 1, ''),
(1780, 11, 61, 'Nawalapitiya', 1, ''),
(1781, 11, 9, 'Negombo', 1, ''),
(1782, 11, 66, 'Nelliady', 1, ''),
(1783, 11, 69, 'Nikaweratiya', 1, ''),
(1784, 11, 54, 'Nittambuwa', 1, ''),
(1785, 11, 4, 'Nugegoda', 1, ''),
(1786, 11, 76, 'Nuwara Eliya', 1, ''),
(1787, 11, 79, 'Old Moor Street', 1, ''),
(1788, 11, 35, 'Panadura', 1, ''),
(1789, 11, 22, 'Pelawatte', 1, ''),
(1790, 11, 43, 'Pettah', 1, ''),
(1791, 11, 49, 'Pilimatalawa', 1, ''),
(1792, 11, 23, 'Piliyandala', 1, ''),
(1793, 11, 87, 'Pitakotte', 1, ''),
(1794, 11, 33, 'Puttalam', 1, ''),
(1795, 11, 5, 'Rajagiriya', 1, ''),
(1796, 11, 73, 'Ratmalana', 1, ''),
(1797, 11, 13, 'Ratnapura', 1, ''),
(1798, 11, 104, 'Thambuttegama', 1, ''),
(1799, 11, 98, 'Thirunelvely', 1, ''),
(1800, 11, 92, 'Tissamaharama', 1, ''),
(1801, 11, 38, 'Trincomalee', 1, ''),
(1802, 11, 81, 'Uragasmanhandiya', 1, ''),
(1803, 11, 41, 'Vavuniya', 1, ''),
(1804, 11, 101, 'Warakapola', 1, ''),
(1805, 11, 56, 'Wariyapola', 1, ''),
(1806, 11, 11, 'Wattala', 1, ''),
(1807, 11, 8, 'Wellawatte', 1, ''),
(1808, 11, 36, 'Wennappuwa', 1, ''),
(1809, 11, 68, 'Yakkala', 1, ''),
(1810, 20, 752, 'Akkaraipattu', 1, ''),
(1811, 20, 55, 'Akuressa', 1, ''),
(1812, 20, 132, 'Alawathugoda', 1, ''),
(1813, 20, 742, 'Alawwa', 1, ''),
(1814, 20, 105, 'Aluthgama', 1, ''),
(1815, 20, 33, 'Ambalangoda', 1, ''),
(1816, 20, 11, 'Ambalantota', 1, ''),
(1817, 20, 30, 'Ampara', 1, ''),
(1818, 20, 746, 'Anamaduwa', 1, ''),
(1819, 20, 760, 'Angunakolapelessa', 1, ''),
(1820, 20, 5, 'Anuradhapura', 1, ''),
(1821, 20, 721, 'Aranayake Piyasa', 1, ''),
(1822, 20, 727, 'Arayampathy', 1, ''),
(1823, 20, 718, 'Atchuvely NSB Piyasa', 1, ''),
(1824, 20, 703, 'Athurugiriya Piyasa', 1, ''),
(1825, 20, 57, 'Avissawella', 1, ''),
(1826, 20, 128, 'Badalkumbura', 1, ''),
(1827, 20, 734, 'Baddegama', 1, ''),
(1828, 20, 22, 'Badulla', 1, ''),
(1829, 20, 786, 'Baduraliya', 1, ''),
(1830, 20, 91, 'Balangoda', 1, ''),
(1831, 20, 23, 'Bambalapitiya', 1, ''),
(1832, 20, 126, 'Bandaragama', 1, ''),
(1833, 20, 60, 'Bandarawela', 1, ''),
(1834, 20, 80, 'Battaramulla', 1, ''),
(1835, 20, 21, 'Batticaloa', 1, ''),
(1836, 20, 48, 'Beliatta', 1, ''),
(1837, 20, 28, 'Beruwala', 1, ''),
(1838, 20, 708, 'Bibile?piyasa?', 1, ''),
(1839, 20, 785, 'Bingiriya', 1, ''),
(1840, 20, 124, 'Boralesgamuwa', 1, ''),
(1841, 20, 61, 'Borella', 1, ''),
(1842, 20, 912, 'Br. Management Division', 1, ''),
(1843, 20, 710, 'Bulathkohupitiya', 1, ''),
(1844, 20, 738, 'Bulathsinhala', 1, ''),
(1845, 20, 741, 'Buttala', 1, ''),
(1846, 20, 725, 'Chankanai Piyasa', 1, ''),
(1847, 20, 73, 'Chavakachcheri', 1, ''),
(1848, 20, 109, 'Chenkaladi', 1, ''),
(1849, 20, 7, 'Chilaw', 1, ''),
(1850, 20, 72, 'Chunnakam', 1, ''),
(1851, 20, 2, 'City', 1, ''),
(1852, 20, 910, 'Credit Division, (H.L Division)', 1, ''),
(1853, 20, 103, 'Dambulla', 1, ''),
(1854, 20, 129, 'Dankotuwa', 1, ''),
(1855, 20, 24, 'Dehiwala', 1, ''),
(1856, 20, 747, 'Delgoda', 1, ''),
(1857, 20, 119, 'Delkanda', 1, ''),
(1858, 20, 783, 'Deltota', 1, ''),
(1859, 20, 54, 'Deniyaya', 1, ''),
(1860, 20, 112, 'Deraniyagala', 1, ''),
(1861, 20, 39, 'Devinuwara', 1, ''),
(1862, 20, 82, 'Dickwella', 1, ''),
(1863, 20, 748, 'Digana', 1, ''),
(1864, 20, 96, 'Divulapitiya', 1, ''),
(1865, 20, 94, 'Elpitiya', 1, ''),
(1866, 20, 13, 'Embilipitiya', 1, ''),
(1867, 20, 788, 'Eppawala', 1, ''),
(1868, 20, 145, 'Galagedara', 1, ''),
(1869, 20, 137, 'Galenbindunuwewa', 1, ''),
(1870, 20, 755, 'Galewela', 1, ''),
(1871, 20, 729, 'Galgamuwa', 1, ''),
(1872, 20, 3, 'Galle', 1, ''),
(1873, 20, 58, 'Galnewa', 1, ''),
(1874, 20, 37, 'Gampaha', 1, ''),
(1875, 20, 74, 'Gampola', 1, ''),
(1876, 20, 705, 'Ganemulla Piyasa', 1, ''),
(1877, 20, 791, 'Gelioya', 1, ''),
(1878, 20, 784, 'Ginigathhena', 1, ''),
(1879, 20, 787, 'Giriulla', 1, ''),
(1880, 20, 133, 'Godakawela', 1, ''),
(1881, 20, 735, 'Habaraduwa', 1, ''),
(1882, 20, 62, 'Hakmana', 1, ''),
(1883, 20, 751, 'Hali Ela', 1, ''),
(1884, 20, 781, 'Hambantota', 1, ''),
(1885, 20, 750, 'Hanwella', 1, ''),
(1886, 20, 116, 'Hatton', 1, ''),
(1887, 20, 1, 'Head Office', 1, ''),
(1888, 20, 709, 'Hettipola', 1, ''),
(1889, 20, 113, 'Hikkaduwa', 1, ''),
(1890, 20, 76, 'Hingurakgoda', 1, ''),
(1891, 20, 27, 'Homagama', 1, ''),
(1892, 20, 63, 'Horana', 1, ''),
(1893, 20, 136, 'Horawpathana', 1, ''),
(1894, 20, 771, 'Ibbagamuwa', 1, ''),
(1895, 20, 911, 'IBU (NRFC)', 1, ''),
(1896, 20, 757, 'Imaduwa', 1, ''),
(1897, 20, 764, 'Ingiriya', 1, ''),
(1898, 20, 36, 'Ja-Ela', 1, ''),
(1899, 20, 6, 'Jaffna', 1, ''),
(1900, 20, 75, 'Kadawatha', 1, ''),
(1901, 20, 122, 'Kaduruwela', 1, ''),
(1902, 20, 95, 'Kaduwela', 1, ''),
(1903, 20, 759, 'Kahatagasdigiliya', 1, ''),
(1904, 20, 104, 'Kahathuduwa', 1, ''),
(1905, 20, 737, 'Kahawatte', 1, ''),
(1906, 20, 739, 'Kalawana', 1, ''),
(1907, 20, 114, 'Kalawanchikudy', 1, ''),
(1908, 20, 47, 'Kalmunai', 1, ''),
(1909, 20, 115, 'Kalubowila', 1, ''),
(1910, 20, 12, 'Kalutara', 1, ''),
(1911, 20, 86, 'Kamburupitiya', 1, ''),
(1912, 20, 141, 'Kandana', 1, ''),
(1913, 20, 15, 'Kandy', 1, ''),
(1914, 20, 81, 'Kandy 2nd', 1, ''),
(1915, 20, 711, 'Kandy City Center', 1, ''),
(1916, 20, 762, 'Kantale', 1, ''),
(1917, 20, 731, 'Karainagar', 1, ''),
(1918, 20, 121, 'Karapitiya', 1, ''),
(1919, 20, 93, 'Katubedda', 1, ''),
(1920, 20, 723, 'Katugastota Piyasa', 1, ''),
(1921, 20, 52, 'Katunayake', 1, ''),
(1922, 20, 730, 'Kayts', 1, ''),
(1923, 20, 767, 'Kebithigollawa', 1, ''),
(1924, 20, 18, 'Kegalle', 1, ''),
(1925, 20, 775, 'Kekanadura', 1, ''),
(1926, 20, 14, 'Kekirawa', 1, ''),
(1927, 20, 716, 'Kelaniya NSB Piyasa', 1, ''),
(1928, 20, 19, 'Kilinochchi', 1, ''),
(1929, 20, 67, 'Kiribathgoda', 1, ''),
(1930, 20, 778, 'Kiriella', 1, ''),
(1931, 20, 99, 'Kirindiwela', 1, ''),
(1932, 20, 31, 'Kochchikade', 1, ''),
(1933, 20, 131, 'Kodikamam', 1, ''),
(1934, 20, 65, 'Kollupitiya 2nd', 1, ''),
(1935, 20, 147, 'Kopay', 1, ''),
(1936, 20, 87, 'Kotahena', 1, ''),
(1937, 20, 102, 'Kottawa', 1, ''),
(1938, 20, 8, 'Kuliyapitiya', 1, ''),
(1939, 20, 17, 'kurunegala', 1, ''),
(1940, 20, 772, 'Kuruwita', 1, ''),
(1941, 20, 761, 'Madampe', 1, ''),
(1942, 20, 83, 'Mahabage', 1, ''),
(1943, 20, 53, 'Maharagama', 1, ''),
(1944, 20, 41, 'Mahiyanganaya', 1, ''),
(1945, 20, 142, 'Maho', 1, ''),
(1946, 20, 123, 'Malabe', 1, ''),
(1947, 20, 77, 'Maligawatta', 1, ''),
(1948, 20, 774, 'Mallavi', 1, ''),
(1949, 20, 107, 'Manipay', 1, ''),
(1950, 20, 49, 'Mannar', 1, ''),
(1951, 20, 69, 'Marawila', 1, ''),
(1952, 20, 16, 'Matale', 1, ''),
(1953, 20, 4, 'Matara', 1, ''),
(1954, 20, 45, 'Matugama', 1, ''),
(1955, 20, 59, 'Mawanella', 1, ''),
(1956, 20, 749, 'Mawathagama', 1, ''),
(1957, 20, 763, 'Medawachchiya', 1, ''),
(1958, 20, 776, 'Medirigiriya', 1, ''),
(1959, 20, 106, 'Meegoda', 1, ''),
(1960, 20, 780, 'Melsiripura', 1, ''),
(1961, 20, 724, 'Middeniya Piyasa', 1, ''),
(1962, 20, 98, 'Minuwangoda', 1, ''),
(1963, 20, 79, 'Mirigama', 1, ''),
(1964, 20, 46, 'Monaragala', 1, ''),
(1965, 20, 125, 'Moratumulla', 1, ''),
(1966, 20, 20, 'Moratuwa', 1, ''),
(1967, 20, 90, 'Morawaka', 1, ''),
(1968, 20, 68, 'Mount Lavinia', 1, ''),
(1969, 20, 127, 'Mulgampola', 1, ''),
(1970, 20, 130, 'Mullative', 1, ''),
(1971, 20, 733, 'Mulleriyawa New Town', 1, ''),
(1972, 20, 732, 'Mutwal', 1, ''),
(1973, 20, 64, 'Narahenpita', 1, ''),
(1974, 20, 707, 'Narammala Piyasa', 1, ''),
(1975, 20, 34, 'Naththandiya', 1, ''),
(1976, 20, 779, 'Naula', 1, ''),
(1977, 20, 111, 'Nawala', 1, ''),
(1978, 20, 50, 'Nawalapitiya', 1, ''),
(1979, 20, 9, 'Negombo', 1, ''),
(1980, 20, 717, 'Nelliady NSB Piyasa', 1, ''),
(1981, 20, 704, 'Neluwa Piyasa', 1, ''),
(1982, 20, 40, 'Nikaweratiya', 1, ''),
(1983, 20, 100, 'Nittambuwa', 1, ''),
(1984, 20, 777, 'Nivithigala', 1, ''),
(1985, 20, 745, 'Nochchiyagama', 1, ''),
(1986, 20, 26, 'Nugegoda', 1, ''),
(1987, 20, 56, 'Nuwara Eliya', 1, ''),
(1988, 20, 753, 'Palugamam', 1, ''),
(1989, 20, 43, 'Panadura', 1, ''),
(1990, 20, 758, 'Passara', 1, ''),
(1991, 20, 909, 'PBU ? Ampara', 1, ''),
(1992, 20, 906, 'PBU ? Anuradhapura', 1, ''),
(1993, 20, 917, 'PBU ? Eheliyagoda', 1, ''),
(1994, 20, 903, 'PBU ? Galle', 1, ''),
(1995, 20, 908, 'PBU ? Gampaha', 1, ''),
(1996, 20, 901, 'PBU ? Head Office', 1, ''),
(1997, 20, 916, 'PBU ? Jaffna', 1, ''),
(1998, 20, 907, 'PBU ? Kalutara', 1, ''),
(1999, 20, 902, 'PBU ? Kandy', 1, ''),
(2000, 20, 905, 'PBU ? Kegalle', 1, ''),
(2001, 20, 915, 'PBU ? Kurunegala', 1, ''),
(2002, 20, 904, 'PBU ? Matara', 1, ''),
(2003, 20, 25, 'Peliyagoda', 1, ''),
(2004, 20, 736, 'Pelmadulla', 1, ''),
(2005, 20, 134, 'Periyakallar', 1, ''),
(2006, 20, 51, 'Pettah', 1, ''),
(2007, 20, 84, 'Pilimathalawa', 1, ''),
(2008, 20, 71, 'Piliyandala', 1, ''),
(2009, 20, 138, 'Pitakatte', 1, ''),
(2010, 20, 139, 'Pitigala', 1, ''),
(2011, 20, 32, 'Point Pedro', 1, ''),
(2012, 20, 726, 'Polgahawela', 1, ''),
(2013, 20, 770, 'Pothuvil', 1, ''),
(2014, 20, 790, 'Pugoda', 1, ''),
(2015, 20, 744, 'Pundaluoya', 1, ''),
(2016, 20, 769, 'Pussellawa', 1, ''),
(2017, 20, 44, 'Puttalama', 1, ''),
(2018, 20, 719, 'Puwakaramba Piyasa', 1, ''),
(2019, 20, 728, 'Raddolugama', 1, ''),
(2020, 20, 792, 'Ragala', 1, ''),
(2021, 20, 701, 'Ragama Piyasa', 1, ''),
(2022, 20, 765, 'Rambukkana', 1, ''),
(2023, 20, 10, 'Ratnapura', 1, ''),
(2024, 20, 782, 'Rideegama', 1, ''),
(2025, 20, 722, 'Rikillagaskada Piyasa', 1, ''),
(2026, 20, 35, 'Ruwanwella', 1, ''),
(2027, 20, 118, 'Samanthurai', 1, ''),
(2028, 20, 146, 'Siyambalanduwa', 1, ''),
(2029, 20, 754, 'Sooriyawewa', 1, ''),
(2030, 20, 756, 'Tambuttegama', 1, ''),
(2031, 20, 713, 'Tangalle NSB Piyasa', 1, ''),
(2032, 20, 78, 'Thalawakele', 1, ''),
(2033, 20, 789, 'Thalawathugoda', 1, ''),
(2034, 20, 135, 'Thamabiluvil', 1, ''),
(2035, 20, 108, 'Thirunelvely', 1, ''),
(2036, 20, 97, 'Tissamaharama', 1, ''),
(2037, 20, 89, 'Trincomalee', 1, ''),
(2038, 20, 143, 'Udugama', 1, ''),
(2039, 20, 144, 'Uhana', 1, ''),
(2040, 20, 110, 'Uragasmanhandiya', 1, ''),
(2041, 20, 140, 'Urubokka', 1, ''),
(2042, 20, 720, 'Valaichenai Piyasa', 1, ''),
(2043, 20, 773, 'Vankalai', 1, ''),
(2044, 20, 88, 'Vavuniya', 1, ''),
(2045, 20, 92, 'Veyangoda', 1, ''),
(2046, 20, 715, 'Wadduwa NSB Piyasa', 1, ''),
(2047, 20, 714, 'Walasmulla NSB Piyasa', 1, ''),
(2048, 20, 42, 'Warakapola', 1, ''),
(2049, 20, 766, 'Wariyapola', 1, ''),
(2050, 20, 85, 'Wattala', 1, ''),
(2051, 20, 768, 'Wattegama', 1, ''),
(2052, 20, 712, 'Weeraketiya NSB Piyasa', 1, ''),
(2053, 20, 66, 'Weligama', 1, ''),
(2054, 20, 117, 'Welikada', 1, ''),
(2055, 20, 101, 'Welimada', 1, ''),
(2056, 20, 706, 'Wellampitiya Piyasa', 1, ''),
(2057, 20, 70, 'Wellawatta', 1, ''),
(2058, 20, 740, 'Wellawaya', 1, ''),
(2059, 20, 29, 'Wennappuwa', 1, ''),
(2060, 20, 702, 'WTC Piyasa', 1, ''),
(2061, 20, 120, 'Yakkala', 1, ''),
(2062, 20, 743, 'Yatiyantota', 1, ''),
(2063, 10, 57, 'Akkaraipattu', 1, ''),
(2064, 10, 63, 'Akuressa', 1, ''),
(2065, 10, 47, 'Aluthgama', 1, ''),
(2066, 10, 56, 'Ambalangoda', 1, ''),
(2067, 10, 62, 'Ambalantota', 1, ''),
(2068, 10, 39, 'Anuradhapura', 1, ''),
(2069, 10, 91, 'Avissawella', 1, ''),
(2070, 10, 59, 'Badulla', 1, ''),
(2071, 10, 64, 'Balangoda', 1, ''),
(2072, 10, 72, 'Bandaragama', 1, ''),
(2073, 10, 32, 'Bandarawela', 1, ''),
(2074, 10, 10, 'Battaramulla', 1, ''),
(2075, 10, 34, 'Batticaloa', 1, ''),
(2076, 10, 75, 'Boralasgamuwa', 1, ''),
(2077, 10, 15, 'Borella', 1, ''),
(2078, 10, 400, 'Card Center', 1, ''),
(2079, 10, 0, 'Central Clearing', 1, ''),
(2080, 10, 43, 'Chilaw', 1, ''),
(2081, 10, 2, 'Colpetty', 1, ''),
(2082, 10, 6, 'Corporate', 1, ''),
(2083, 10, 22, 'Crescat', 1, ''),
(2084, 10, 23, 'Dehiwala', 1, ''),
(2085, 10, 65, 'Deniyaya', 1, ''),
(2086, 10, 11, 'Dharmapala Mawatha', 1, ''),
(2087, 10, 73, 'Digana', 1, ''),
(2088, 10, 82, 'Elpitiya', 1, ''),
(2089, 10, 61, 'Embilipitiya', 1, ''),
(2090, 10, 29, 'Galle', 1, ''),
(2091, 10, 18, 'Gampaha', 1, ''),
(2092, 10, 88, 'Gampola', 1, ''),
(2093, 10, 83, 'Giriulla', 1, ''),
(2094, 10, 77, 'Gothatuwa', 1, ''),
(2095, 10, 58, 'Hambantota', 1, ''),
(2096, 10, 25, 'Havelock Town', 1, ''),
(2097, 10, 999, 'Head Office', 1, ''),
(2098, 10, 87, 'Hikkaduwa', 1, ''),
(2099, 10, 31, 'Homagama', 1, ''),
(2100, 10, 36, 'Horana', 1, ''),
(2101, 10, 60, 'Ja-Ela', 1, ''),
(2102, 10, 35, 'Jaffna', 1, ''),
(2103, 10, 21, 'Kadawatha', 1, ''),
(2104, 10, 45, 'Kaduruwela', 1, ''),
(2105, 10, 70, 'Kaduwela', 1, ''),
(2106, 10, 37, 'Kalmunai', 1, ''),
(2107, 10, 4, 'Kandy', 1, ''),
(2108, 10, 93, 'Kandy City Center', 1, ''),
(2109, 10, 67, 'Karapitiya', 1, ''),
(2110, 10, 69, 'Katugastota', 1, ''),
(2111, 10, 79, 'Kegalle', 1, ''),
(2112, 10, 16, 'Kiribathgoda', 1, ''),
(2113, 10, 54, 'Kohuwala', 1, ''),
(2114, 10, 504, 'Kohuwala', 1, ''),
(2115, 10, 19, 'Kotahena', 1, ''),
(2116, 10, 76, 'Kottawa', 1, ''),
(2117, 10, 55, 'Kuliyapitiya', 1, ''),
(2118, 10, 12, 'Kurunegala', 1, ''),
(2119, 10, 500, 'Liberty Plaza', 1, ''),
(2120, 10, 9, 'Mahabage', 1, ''),
(2121, 10, 13, 'Maharagama', 1, ''),
(2122, 10, 38, 'Malabe', 1, ''),
(2123, 10, 92, 'Matale', 1, ''),
(2124, 10, 28, 'Matara', 1, ''),
(2125, 10, 66, 'Matugama', 1, ''),
(2126, 10, 90, 'Mawathagama', 1, ''),
(2127, 10, 86, 'Minuwangoda', 1, ''),
(2128, 10, 74, 'Monaragala', 1, ''),
(2129, 10, 14, 'Moratuwa', 1, ''),
(2130, 10, 52, 'Mount Lavinia', 1, ''),
(2131, 10, 502, 'Mount Lavinia', 1, ''),
(2132, 10, 81, 'Narahenpita', 1, ''),
(2133, 10, 27, 'Nawala', 1, ''),
(2134, 10, 24, 'Nawam Mawatha', 1, ''),
(2135, 10, 7, 'Negombo(C.S.P.)', 1, ''),
(2136, 10, 44, 'Nelliady', 1, ''),
(2137, 10, 85, 'Nittambuwa', 1, ''),
(2138, 10, 1, 'NTB.Head Office,', 1, ''),
(2139, 10, 53, 'Nugegoda', 1, ''),
(2140, 10, 503, 'Nugegoda', 1, ''),
(2141, 10, 42, 'Nuwara Eliya', 1, ''),
(2142, 10, 71, 'Old Moor Street', 1, ''),
(2143, 10, 17, 'Panadura', 1, ''),
(2144, 10, 26, 'Peradeniya', 1, ''),
(2145, 10, 8, 'Pettah', 1, ''),
(2146, 10, 46, 'Pettah Second', 1, ''),
(2147, 10, 40, 'Piliyandala', 1, ''),
(2148, 10, 68, 'Rajagiriya', 1, ''),
(2149, 10, 41, 'Ratnapura', 1, ''),
(2150, 10, 3, 'Sri Sangharaja Mw.', 1, ''),
(2151, 10, 89, 'Tangalle', 1, ''),
(2152, 10, 30, 'Thalawathugoda', 1, ''),
(2153, 10, 80, 'Tissamaharama', 1, ''),
(2154, 10, 49, 'Trincomalee', 1, ''),
(2155, 10, 33, 'Vavuniya', 1, ''),
(2156, 10, 20, 'Ward Place', 1, ''),
(2157, 10, 78, 'Wariyapola', 1, ''),
(2158, 10, 51, 'Wattala', 1, ''),
(2159, 10, 501, 'Wattala', 1, ''),
(2160, 10, 84, 'Weligama', 1, ''),
(2161, 10, 5, 'Wellawatte', 1, ''),
(2162, 10, 48, 'Wennappuwa', 1, ''),
(2163, 10, 50, 'World Trade Centre', 1, ''),
(2164, 13, 60, 'Akkaraipaththu', 1, ''),
(2165, 13, 72, 'Akuressa', 1, ''),
(2166, 13, 41, 'Ambalangoda', 1, ''),
(2167, 13, 53, 'Ambalanthota', 1, ''),
(2168, 13, 32, 'Anuradhapura', 1, ''),
(2169, 13, 45, 'Badulla', 1, ''),
(2170, 13, 62, 'Balangoda', 1, ''),
(2171, 13, 9, 'Bambalapitiya', 1, ''),
(2172, 13, 48, 'Bandarawela', 1, ''),
(2173, 13, 63, 'Battaramulla', 1, ''),
(2174, 13, 40, 'Batticaloa', 1, ''),
(2175, 13, 31, 'Borella', 1, ''),
(2176, 13, 36, 'Chilaw', 1, ''),
(2177, 13, 61, 'Chunnakam', 1, ''),
(2178, 13, 78, 'Colombo Gold Centre', 1, ''),
(2179, 13, 19, 'Dam Street', 1, ''),
(2180, 13, 49, 'Dambulla', 1, ''),
(2181, 13, 15, 'Dehiwela', 1, ''),
(2182, 13, 38, 'Embilipitiya', 1, ''),
(2183, 13, 71, 'Galewela', 1, ''),
(2184, 13, 25, 'Galle', 1, ''),
(2185, 13, 11, 'Gampaha', 1, ''),
(2186, 13, 30, 'Gampola', 1, ''),
(2187, 13, 75, 'Hatton', 1, ''),
(2188, 13, 999, 'Head Office', 1, ''),
(2189, 13, 76, 'Homagama', 1, ''),
(2190, 13, 77, 'Horana', 1, ''),
(2191, 13, 814, 'Internationl Remittance', 1, ''),
(2192, 13, 66, 'Ja-Ela', 1, ''),
(2193, 13, 37, 'Jaffna', 1, ''),
(2194, 13, 26, 'Kadawatha', 1, ''),
(2195, 13, 52, 'Kaduruwela', 1, ''),
(2196, 13, 81, 'Kaduwela', 1, ''),
(2197, 13, 42, 'Kalmunai', 1, ''),
(2198, 13, 47, 'Kalubowila', 1, ''),
(2199, 13, 33, 'Kalutara', 1, ''),
(2200, 13, 5, 'Kandy', 1, ''),
(2201, 13, 44, 'Kandy City Centre', 1, ''),
(2202, 13, 57, 'Kanthankudy', 1, ''),
(2203, 13, 20, 'Katugastota', 1, ''),
(2204, 13, 27, 'Kegalle', 1, ''),
(2205, 13, 67, 'Kekirawa', 1, ''),
(2206, 13, 43, 'Kilinochchi', 1, ''),
(2207, 13, 54, 'Kiribathgoda', 1, ''),
(2208, 13, 22, 'Kirulapana', 1, ''),
(2209, 13, 3, 'Kollupitiya', 1, ''),
(2210, 13, 14, 'Kotahena', 1, ''),
(2211, 13, 80, 'Kottawa', 1, ''),
(2212, 13, 46, 'Kuliyapitiya', 1, ''),
(2213, 13, 58, 'Kundasale', 1, ''),
(2214, 13, 12, 'Kurunegala', 1, ''),
(2215, 13, 23, 'Maharagama', 1, ''),
(2216, 13, 35, 'Malabe', 1, ''),
(2217, 13, 39, 'Matale', 1, ''),
(2218, 13, 13, 'Matara', 1, ''),
(2219, 13, 82, 'Mawanella', 1, ''),
(2220, 13, 1, 'Metro', 1, ''),
(2221, 13, 69, 'Minuwangoda', 1, ''),
(2222, 13, 59, 'Monaragala', 1, ''),
(2223, 13, 24, 'Moratuwa', 1, ''),
(2224, 13, 21, 'Narahenpita', 1, ''),
(2225, 13, 79, 'Nawala', 1, ''),
(2226, 13, 10, 'Negombo', 1, ''),
(2227, 13, 56, 'Nelliady', 1, ''),
(2228, 13, 8, 'Nugegoda', 1, ''),
(2229, 13, 18, 'Old Moor Street', 1, ''),
(2230, 13, 17, 'Panadura', 1, ''),
(2231, 13, 2, 'Panchikawatte', 1, ''),
(2232, 13, 51, 'Peradeniya', 1, ''),
(2233, 13, 4, 'Pettah', 1, ''),
(2234, 13, 65, 'Pilimathalawa', 1, ''),
(2235, 13, 55, 'Piliyandala', 1, ''),
(2236, 13, 64, 'Puttalama', 1, ''),
(2237, 13, 6, 'Rajagiriya', 1, ''),
(2238, 13, 50, 'Ratmalana', 1, ''),
(2239, 13, 7, 'Ratnapura', 1, ''),
(2240, 13, 74, 'Tangalle', 1, ''),
(2241, 13, 68, 'Thalawathugoda', 1, ''),
(2242, 13, 73, 'Trincomalee', 1, ''),
(2243, 13, 34, 'Vavuniya', 1, ''),
(2244, 13, 70, 'Warakapola', 1, ''),
(2245, 13, 16, 'Wattala', 1, ''),
(2246, 13, 29, 'Wellawatta', 1, ''),
(2247, 13, 28, 'Wennappuwa', 1, ''),
(2248, 5, 228, 'Addalachchene', 1, ''),
(2249, 5, 188, 'Ahangama', 1, ''),
(2250, 5, 63, 'Akkaraipattu', 1, ''),
(2251, 5, 153, 'Akurana', 1, ''),
(2252, 5, 117, 'Akuressa', 1, ''),
(2253, 5, 294, 'Alawathugoda', 1, ''),
(2254, 5, 149, 'Alawwa', 1, ''),
(2255, 5, 84, 'Aluthgama', 1, ''),
(2256, 5, 35, 'Ambalangoda', 1, ''),
(2257, 5, 72, 'Ambalantota', 1, ''),
(2258, 5, 15, 'Ampara', 1, ''),
(2259, 5, 267, 'Anamaduwa', 1, ''),
(2260, 5, 205, 'Angunakolapalessa', 1, ''),
(2261, 5, 183, 'Ankumbura', 1, ''),
(2262, 5, 8, 'Anuradhapura', 1, ''),
(2263, 5, 220, 'Anuradhapura-Nuwarawewa', 1, ''),
(2264, 5, 253, 'Aralaganwila', 1, ''),
(2265, 5, 248, 'Aranayake', 1, ''),
(2266, 5, 107, 'Atchchuvely', 1, ''),
(2267, 5, 29, 'Avissawella', 1, ''),
(2268, 5, 347, 'Badalkubura', 1, ''),
(2269, 5, 87, 'Baddegama', 1, ''),
(2270, 5, 10, 'Badulla', 1, ''),
(2271, 5, 269, 'Badulla-Muthiyangana', 1, ''),
(2272, 5, 283, 'Baduraliya', 1, ''),
(2273, 5, 242, 'Bakamuna', 1, ''),
(2274, 5, 17, 'Balangoda', 1, ''),
(2275, 5, 154, 'Balapitiya', 1, ''),
(2276, 5, 310, 'Bambalapitiya', 1, ''),
(2277, 5, 121, 'Bandaragama', 1, ''),
(2278, 5, 37, 'Bandarawela', 1, ''),
(2279, 5, 234, 'Batapola', 1, ''),
(2280, 5, 208, 'Battaramulla', 1, ''),
(2281, 5, 75, 'Batticaloa', 1, ''),
(2282, 5, 113, 'Batticaloa Town', 1, ''),
(2283, 5, 244, 'Beliatta', 1, ''),
(2284, 5, 311, 'Beruwala', 1, ''),
(2285, 5, 11, 'Bibile', 1, ''),
(2286, 5, 172, 'Bingiriya', 1, ''),
(2287, 5, 354, 'Bogawanthalawa', 1, ''),
(2288, 5, 209, 'Boralanda', 1, ''),
(2289, 5, 348, 'Boralesgamuwa', 1, ''),
(2290, 5, 78, 'Borella', 1, ''),
(2291, 5, 320, 'Borella Town', 1, ''),
(2292, 5, 252, 'Bulathkohupitiya', 1, ''),
(2293, 5, 161, 'Bulathsinhala', 1, ''),
(2294, 5, 147, 'Buttala', 1, ''),
(2295, 5, 326, 'Capricon', 1, ''),
(2296, 5, 600, 'Card Center', 1, ''),
(2297, 5, 999, 'CCD', 1, ''),
(2298, 5, 108, 'Chankanai', 1, ''),
(2299, 5, 110, 'Chavakachcheri', 1, ''),
(2300, 5, 356, 'Cheddikulam', 1, ''),
(2301, 5, 227, 'Chenkalady', 1, ''),
(2302, 5, 24, 'Chilaw', 1, ''),
(2303, 5, 109, 'Chunnakam', 1, ''),
(2304, 5, 297, 'Dam Street', 1, ''),
(2305, 5, 138, 'Dambulla', 1, ''),
(2306, 5, 291, 'Dankotuwa', 1, ''),
(2307, 5, 206, 'Davulagala', 1, ''),
(2308, 5, 330, 'Dehiattakandiya', 1, ''),
(2309, 5, 293, 'Dehiowita', 1, ''),
(2310, 5, 19, 'Dehiwala', 1, ''),
(2311, 5, 337, 'Dehiwela (Galle Rd.)', 1, ''),
(2312, 5, 118, 'Delgoda', 1, ''),
(2313, 5, 257, 'Deltota', 1, ''),
(2314, 5, 71, 'Dematagoda', 1, ''),
(2315, 5, 132, 'Deniyaya', 1, ''),
(2316, 5, 180, 'Deraniyagala', 1, ''),
(2317, 5, 243, 'Devinuwara', 1, ''),
(2318, 5, 135, 'Dickwella', 1, ''),
(2319, 5, 151, 'Diyatalawa', 1, ''),
(2320, 5, 1, 'Duke Street', 1, ''),
(2321, 5, 85, 'Eheliyagoda', 1, ''),
(2322, 5, 73, 'Elpitiya', 1, ''),
(2323, 5, 45, 'Embilipitiya', 1, ''),
(2324, 5, 170, 'Eppawela', 1, ''),
(2325, 5, 123, 'Eravur', 1, ''),
(2326, 5, 114, 'Galagedera', 1, ''),
(2327, 5, 177, 'Galenbindunuwewa', 1, ''),
(2328, 5, 115, 'Galewela', 1, ''),
(2329, 5, 184, 'Galgamuwa', 1, ''),
(2330, 5, 185, 'Galigamuwa', 1, ''),
(2331, 5, 301, 'Galkiriyagama', 1, ''),
(2332, 5, 13, 'Galle Fort', 1, ''),
(2333, 5, 169, 'Galle Main Street', 1, ''),
(2334, 5, 179, 'Galnewa', 1, ''),
(2335, 5, 26, 'Gampaha', 1, ''),
(2336, 5, 18, 'Gampola', 1, ''),
(2337, 5, 307, 'Gandara', 1, ''),
(2338, 5, 332, 'Ganemulla', 1, ''),
(2339, 5, 97, 'Gangodawila', 1, ''),
(2340, 5, 302, 'Ginigathhena', 1, ''),
(2341, 5, 298, 'Ginthupitiya', 1, ''),
(2342, 5, 268, 'Girandurukotte', 1, ''),
(2343, 5, 92, 'Giriulla', 1, ''),
(2344, 5, 245, 'Godakawela', 1, ''),
(2345, 5, 238, 'Gonagaldeniya', 1, ''),
(2346, 5, 126, 'Grandpass', 1, ''),
(2347, 5, 203, 'Habarana', 1, ''),
(2348, 5, 130, 'Hakmana', 1, ''),
(2349, 5, 195, 'Haldummulla', 1, ''),
(2350, 5, 225, 'Haliela', 1, ''),
(2351, 5, 7, 'Hambantota', 1, ''),
(2352, 5, 22, 'Hanguranketha', 1, ''),
(2353, 5, 229, 'Hanwella', 1, ''),
(2354, 5, 216, 'Haputale', 1, ''),
(2355, 5, 140, 'Hasalaka', 1, ''),
(2356, 5, 341, 'Hataraliyadda', 1, ''),
(2357, 5, 186, 'Hatton', 1, ''),
(2358, 5, 204, 'Head Quarters', 1, ''),
(2359, 5, 221, 'Hemmathagama', 1, ''),
(2360, 5, 144, 'Hettipola', 1, ''),
(2361, 5, 136, 'Hikkaduwa', 1, ''),
(2362, 5, 6, 'Hingurakgoda', 1, ''),
(2363, 5, 49, 'Homagama', 1, ''),
(2364, 5, 41, 'Horana', 1, ''),
(2365, 5, 218, 'Horowpathana', 1, ''),
(2366, 5, 25, 'Hyde park Corner', 1, ''),
(2367, 5, 207, 'Ibbagamuwa', 1, ''),
(2368, 5, 247, 'Imaduwa', 1, ''),
(2369, 5, 300, 'Ingiriya', 1, ''),
(2370, 5, 4, 'International Division', 1, ''),
(2371, 5, 239, 'Ja Ela', 1, ''),
(2372, 5, 284, 'Jaffna Kannathiddy', 1, ''),
(2373, 5, 104, 'Jaffna Main Street', 1, ''),
(2374, 5, 30, 'Jaffna Stanley Road', 1, ''),
(2375, 5, 162, 'Jaffna University', 1, ''),
(2376, 5, 273, 'Kadawatha', 1, ''),
(2377, 5, 159, 'Kadugannawa', 1, ''),
(2378, 5, 196, 'Kaduwela', 1, ''),
(2379, 5, 51, 'Kahatagasdigiliya', 1, ''),
(2380, 5, 155, 'Kahawatte', 1, ''),
(2381, 5, 235, 'Kalawana', 1, ''),
(2382, 5, 339, 'Kallar', 1, ''),
(2383, 5, 23, 'Kalmunai', 1, ''),
(2384, 5, 125, 'Kalpitiya', 1, ''),
(2385, 5, 289, 'Kaltota', 1, ''),
(2386, 5, 39, 'Kalutara', 1, ''),
(2387, 5, 190, 'Kaluwanchikudy', 1, ''),
(2388, 5, 133, 'Kamburupitiya', 1, ''),
(2389, 5, 175, 'Kandana', 1, ''),
(2390, 5, 250, 'Kandeketiya', 1, ''),
(2391, 5, 3, 'Kandy', 1, ''),
(2392, 5, 357, 'Kandy City Centre', 1, ''),
(2393, 5, 31, 'Kankasanthurai', 1, ''),
(2394, 5, 90, 'Kantale', 1, ''),
(2395, 5, 223, 'Karaitivu', 1, ''),
(2396, 5, 343, 'Karapitiya', 1, ''),
(2397, 5, 168, 'Kataragama', 1, ''),
(2398, 5, 65, 'Kattankudy', 1, ''),
(2399, 5, 313, 'Katubedda', 1, ''),
(2400, 5, 89, 'Katugastota', 1, ''),
(2401, 5, 276, 'Katunayake', 1, ''),
(2402, 5, 105, 'Kayts', 1, ''),
(2403, 5, 150, 'Kebithigollawa', 1, ''),
(2404, 5, 27, 'Kegalle', 1, ''),
(2405, 5, 299, 'Kegalle Bazaar', 1, ''),
(2406, 5, 259, 'Kehelwatte', 1, ''),
(2407, 5, 42, 'Kekirawa', 1, ''),
(2408, 5, 55, 'Kelaniya', 1, ''),
(2409, 5, 240, 'Keppetipola', 1, ''),
(2410, 5, 327, 'Kesbewa', 1, ''),
(2411, 5, 48, 'Kilinochchi', 1, ''),
(2412, 5, 94, 'Kinniya', 1, ''),
(2413, 5, 237, 'Kiribathgoda', 1, ''),
(2414, 5, 266, 'Kiriella', 1, ''),
(2415, 5, 202, 'Kirindiwela', 1, ''),
(2416, 5, 319, 'Kirulapana', 1, ''),
(2417, 5, 281, 'Kobeigane', 1, ''),
(2418, 5, 142, 'Kochchikade', 1, ''),
(2419, 5, 329, 'Koggala', 1, ''),
(2420, 5, 342, 'Kokkaddicholai', 1, ''),
(2421, 5, 210, 'Kollupitiya Co-op House', 1, ''),
(2422, 5, 194, 'Kolonnawa', 1, ''),
(2423, 5, 260, 'Koslanda', 1, ''),
(2424, 5, 308, 'Kotahena', 1, ''),
(2425, 5, 98, 'Kotikawatte', 1, ''),
(2426, 5, 355, 'Kotiyakumbura', 1, ''),
(2427, 5, 328, 'Kottawa', 1, ''),
(2428, 5, 288, 'Kudawella', 1, ''),
(2429, 5, 28, 'Kuliyapitiya', 1, ''),
(2430, 5, 12, 'Kurunegala', 1, ''),
(2431, 5, 226, 'Kurunegala Maliyadeva', 1, ''),
(2432, 5, 334, 'Kurunegala-Ethugalpura', 1, ''),
(2433, 5, 263, 'Kuruwita', 1, ''),
(2434, 5, 309, 'Liberty Plaza', 1, ''),
(2435, 5, 331, 'Lucky Plaza', 1, ''),
(2436, 5, 251, 'Lunugala', 1, ''),
(2437, 5, 215, 'Madampe', 1, ''),
(2438, 5, 282, 'Maggona', 1, ''),
(2439, 5, 181, 'Maha ? Oya', 1, ''),
(2440, 5, 217, 'Mahara', 1, ''),
(2441, 5, 306, 'Maharagama', 1, ''),
(2442, 5, 303, 'Mahawewa', 1, ''),
(2443, 5, 58, 'Mahiyangana', 1, ''),
(2444, 5, 52, 'Maho', 1, ''),
(2445, 5, 200, 'Majestic City', 1, ''),
(2446, 5, 137, 'Makandura', 1, ''),
(2447, 5, 191, 'Malwana', 1, ''),
(2448, 5, 312, 'Malwatta Road', 1, ''),
(2449, 5, 165, 'Mankulam', 1, ''),
(2450, 5, 44, 'Mannar', 1, ''),
(2451, 5, 236, 'Maradana', 1, ''),
(2452, 5, 100, 'Marandagahamula', 1, ''),
(2453, 5, 322, 'Marawila', 1, ''),
(2454, 5, 346, 'Maruthamunai', 1, ''),
(2455, 5, 178, 'Maskeliya', 1, ''),
(2456, 5, 2, 'Matale', 1, ''),
(2457, 5, 152, 'Matara Dharmapala Mawatha', 1, ''),
(2458, 5, 32, 'Matara Uyanwatta', 1, ''),
(2459, 5, 70, 'Mathugama', 1, ''),
(2460, 5, 69, 'Mawanella', 1, ''),
(2461, 5, 199, 'Mawathagama', 1, ''),
(2462, 5, 258, 'Medagama', 1, ''),
(2463, 5, 96, 'Medawachchiya', 1, ''),
(2464, 5, 231, 'Medirigiriya', 1, ''),
(2465, 5, 246, 'Meegalewa', 1, ''),
(2466, 5, 344, 'Melsiripura', 1, ''),
(2467, 5, 157, 'Menikhinna', 1, ''),
(2468, 5, 176, 'Mid City', 1, ''),
(2469, 5, 265, 'Middeniya', 1, ''),
(2470, 5, 21, 'Minuwangoda', 1, ''),
(2471, 5, 198, 'Mirigama', 1, ''),
(2472, 5, 68, 'Monaragala', 1, ''),
(2473, 5, 290, 'Moratumulla', 1, ''),
(2474, 5, 91, 'Moratuwa', 1, ''),
(2475, 5, 60, 'Morawaka', 1, ''),
(2476, 5, 336, 'Mount Lavinia', 1, ''),
(2477, 5, 46, 'Mudalige Mawatha', 1, ''),
(2478, 5, 20, 'Mulativu', 1, ''),
(2479, 5, 166, 'Murunkan', 1, ''),
(2480, 5, 95, 'Muttur', 1, ''),
(2481, 5, 214, 'Mutuwal', 1, ''),
(2482, 5, 119, 'Narahenpita', 1, ''),
(2483, 5, 82, 'Narammala', 1, ''),
(2484, 5, 83, 'Nattandiya', 1, ''),
(2485, 5, 146, 'Naula', 1, ''),
(2486, 5, 53, 'Nawalapitiya', 1, ''),
(2487, 5, 249, 'Neboda', 1, ''),
(2488, 5, 34, 'Negombo', 1, ''),
(2489, 5, 106, 'Nelliady', 1, ''),
(2490, 5, 124, 'Nikeweratiya', 1, ''),
(2491, 5, 127, 'Nildandahinna.', 1, ''),
(2492, 5, 296, 'Nintavur', 1, ''),
(2493, 5, 278, 'Nittambuwa', 1, ''),
(2494, 5, 192, 'Nivitigala', 1, ''),
(2495, 5, 171, 'Nochchiyagama', 1, ''),
(2496, 5, 174, 'Nugegoda', 1, ''),
(2497, 5, 335, 'Nugegoda City', 1, ''),
(2498, 5, 134, 'Nuwara Eliya', 1, ''),
(2499, 5, 340, 'Oddamavady', 1, ''),
(2500, 5, 275, 'Olcott Mawatha', 1, ''),
(2501, 5, 796, 'Overseas Customers Unit', 1, ''),
(2502, 5, 43, 'Padaviya', 1, ''),
(2503, 5, 349, 'Pallebedda', 1, ''),
(2504, 5, 241, 'Pallepola', 1, ''),
(2505, 5, 318, 'Pamunugama', 1, ''),
(2506, 5, 148, 'Panadura', 1, ''),
(2507, 5, 321, 'Panadura Town', 1, ''),
(2508, 5, 211, 'Panwila', 1, ''),
(2509, 5, 111, 'Paranthan', 1, ''),
(2510, 5, 116, 'Passara', 1, ''),
(2511, 5, 261, 'Pelawatte', 1, ''),
(2512, 5, 160, 'Pelmadulla', 1, ''),
(2513, 5, 57, 'Peradeniya', 1, ''),
(2514, 5, 139, 'Pettah', 1, ''),
(2515, 5, 256, 'Pilimatalawa', 1, ''),
(2516, 5, 103, 'Piliyandala', 1, ''),
(2517, 5, 359, 'Piliyandala City', 1, ''),
(2518, 5, 279, 'Pitakotte', 1, ''),
(2519, 5, 285, 'Point Pedro', 1, ''),
(2520, 5, 59, 'Polgahawela', 1, ''),
(2521, 5, 5, 'Polonnaruwa', 1, ''),
(2522, 5, 232, 'Polonnaruwa Town', 1, ''),
(2523, 5, 360, 'Polpithigama', 1, ''),
(2524, 5, 358, 'Poojapitiya', 1, ''),
(2525, 5, 280, 'Pothuhera', 1, ''),
(2526, 5, 164, 'Potuvil', 1, ''),
(2527, 5, 93, 'Pugoda', 1, ''),
(2528, 5, 352, 'Pulmudai', 1, ''),
(2529, 5, 173, 'Pundaluoya', 1, ''),
(2530, 5, 274, 'Pussellawa', 1, ''),
(2531, 5, 9, 'Puttalam', 1, ''),
(2532, 5, 33, 'Queens', 1, ''),
(2533, 5, 36, 'Ragala', 1, ''),
(2534, 5, 316, 'Ragama', 1, ''),
(2535, 5, 129, 'Rakwana', 1, ''),
(2536, 5, 101, 'Rambukkana', 1, ''),
(2537, 5, 345, 'Ranna', 1, ''),
(2538, 5, 80, 'Ratmalana', 1, ''),
(2539, 5, 88, 'Ratnapura', 1, ''),
(2540, 5, 317, 'Ratnapura Town', 1, ''),
(2541, 5, 128, 'Ratthota', 1, ''),
(2542, 5, 193, 'Ridigama', 1, ''),
(2543, 5, 353, 'Rikillagaskada', 1, ''),
(2544, 5, 81, 'Ruwanwella', 1, ''),
(2545, 5, 338, 'Sainthamaruthu', 1, ''),
(2546, 5, 64, 'Samanthurai', 1, ''),
(2547, 5, 277, 'Sea Street', 1, ''),
(2548, 5, 324, 'Seeduwa', 1, ''),
(2549, 5, 158, 'Senkadagala', 1, ''),
(2550, 5, 233, 'Serunuwara', 1, ''),
(2551, 5, 56, 'Sri Sangaraja Mawatha', 1, ''),
(2552, 5, 143, 'Suduwella', 1, ''),
(2553, 5, 264, 'Suriyawewa', 1, ''),
(2554, 5, 315, 'Talawa', 1, ''),
(2555, 5, 38, 'Talawakele', 1, ''),
(2556, 5, 272, 'Talgaswela', 1, ''),
(2557, 5, 219, 'Tambuttegama', 1, ''),
(2558, 5, 230, 'Tanamalwila', 1, ''),
(2559, 5, 67, 'Tangalle', 1, ''),
(2560, 5, 112, 'Teldeniya', 1, ''),
(2561, 5, 351, 'Thambala', 1, ''),
(2562, 5, 86, 'Thimbirigasyaya', 1, ''),
(2563, 5, 224, 'Thirukkovil', 1, ''),
(2564, 5, 270, 'Thulhiriya', 1, ''),
(2565, 5, 61, 'Tissamaharama', 1, ''),
(2566, 5, 167, 'Town Hall, Colombo', 1, ''),
(2567, 5, 66, 'Trincomalee', 1, ''),
(2568, 5, 255, 'Trincomalee Town', 1, ''),
(2569, 5, 292, 'Udapussellawa', 1, ''),
(2570, 5, 295, 'Udawalawe', 1, ''),
(2571, 5, 131, 'Udugama', 1, ''),
(2572, 5, 189, 'Uhana', 1, ''),
(2573, 5, 201, 'Ukuwela', 1, ''),
(2574, 5, 14, 'Union Place', 1, ''),
(2575, 5, 197, 'Uragasmanhandiya', 1, ''),
(2576, 5, 271, 'Urubokka', 1, ''),
(2577, 5, 156, 'Uva-Paranagama', 1, ''),
(2578, 5, 102, 'Valaichechenai', 1, ''),
(2579, 5, 40, 'Vavuniya', 1, ''),
(2580, 5, 141, 'Velvetiturai', 1, ''),
(2581, 5, 79, 'Veyangoda', 1, ''),
(2582, 5, 262, 'Wadduwa', 1, ''),
(2583, 5, 304, 'Walasgala', 1, ''),
(2584, 5, 120, 'Walasmulla', 1, ''),
(2585, 5, 325, 'Wanduramba', 1, ''),
(2586, 5, 54, 'Warakapola', 1, ''),
(2587, 5, 163, 'Wariyapola', 1, ''),
(2588, 5, 222, 'Wattala', 1, ''),
(2589, 5, 74, 'Wattegama', 1, ''),
(2590, 5, 350, 'Weeraketiya', 1, ''),
(2591, 5, 77, 'Weligama', 1, ''),
(2592, 5, 254, 'Welikanda', 1, ''),
(2593, 5, 16, 'Welimada', 1, ''),
(2594, 5, 145, 'Wellawatte', 1, ''),
(2595, 5, 62, 'Wellawaya', 1, ''),
(2596, 5, 76, 'Wennappuwa', 1, ''),
(2597, 5, 122, 'Wilgamuwa', 1, ''),
(2598, 5, 333, 'Yakkala', 1, ''),
(2599, 5, 47, 'Yatiyantota', 1, ''),
(2600, 44, 2, 'Akuressa', 1, ''),
(2601, 44, 3, 'Ambalangoda', 1, ''),
(2602, 44, 4, 'Ambalantota', 1, ''),
(2603, 44, 5, 'Ampara', 1, ''),
(2604, 44, 6, 'Anuradhapura', 1, ''),
(2605, 44, 7, 'Avissawella', 1, ''),
(2606, 44, 8, 'Badulla', 1, ''),
(2607, 44, 9, 'Balangoda', 1, ''),
(2608, 44, 10, 'Bandarawela', 1, ''),
(2609, 44, 11, 'Battaramulla', 1, ''),
(2610, 44, 12, 'Batticaloa', 1, ''),
(2611, 44, 13, 'Bentota', 1, ''),
(2612, 44, 14, 'Chilaw', 1, ''),
(2613, 44, 15, 'Chunnakam', 1, ''),
(2614, 44, 17, 'Dambulla', 1, ''),
(2615, 44, 18, 'Dehiwala', 1, ''),
(2616, 44, 19, 'Deniyaya', 1, ''),
(2617, 44, 20, 'Digana', 1, ''),
(2618, 44, 21, 'Elpitiya', 1, ''),
(2619, 44, 22, 'Embilipitiya', 1, ''),
(2620, 44, 23, 'Galle', 1, ''),
(2621, 44, 24, 'Gampaha', 1, ''),
(2622, 44, 25, 'Gampola', 1, ''),
(2623, 44, 26, 'Giriulla', 1, ''),
(2624, 44, 27, 'Grandpass', 1, ''),
(2625, 44, 28, 'Hambantota', 1, ''),
(2626, 44, 29, 'Hatton', 1, ''),
(2627, 44, 30, 'Havelock City', 1, ''),
(2628, 44, 1, 'Head Office', 1, ''),
(2629, 44, 31, 'Homagama', 1, ''),
(2630, 44, 32, 'Horana', 1, ''),
(2631, 44, 33, 'Ja-Ela', 1, ''),
(2632, 44, 34, 'Jaffna', 1, ''),
(2633, 44, 35, 'Kadawatha', 1, ''),
(2634, 44, 36, 'Kaduwela', 1, ''),
(2635, 44, 37, 'Kalawana', 1, ''),
(2636, 44, 38, 'Kalmunai ? AlSafa', 1, ''),
(2637, 44, 39, 'Kalutara', 1, ''),
(2638, 44, 40, 'Kaluwanchikudy', 1, ''),
(2639, 44, 41, 'Kandy', 1, ''),
(2640, 44, 42, 'Kandy ? AlSafa', 1, ''),
(2641, 44, 43, 'Kanthale', 1, ''),
(2642, 44, 44, 'Kattankudy ? AlSafa', 1, ''),
(2643, 44, 45, 'Kegalle', 1, ''),
(2644, 44, 46, 'Kekirawa', 1, ''),
(2645, 44, 47, 'Kelaniya', 1, ''),
(2646, 44, 48, 'Kilinochchi', 1, ''),
(2647, 44, 49, 'Kirindiwela', 1, ''),
(2648, 44, 16, 'Kollupitiya', 1, ''),
(2649, 44, 50, 'Kuliyapitiya', 1, ''),
(2650, 44, 51, 'Kurunegala', 1, ''),
(2651, 44, 52, 'Mahaiyawa', 1, ''),
(2652, 44, 53, 'Maharagama', 1, ''),
(2653, 44, 54, 'Mahiyanganaya', 1, ''),
(2654, 44, 55, 'Mannar', 1, ''),
(2655, 44, 56, 'Matale', 1, ''),
(2656, 44, 57, 'Matara', 1, ''),
(2657, 44, 58, 'Mathugama', 1, ''),
(2658, 44, 59, 'Medawachchiya', 1, ''),
(2659, 44, 60, 'Melsiripura', 1, ''),
(2660, 44, 61, 'Metropolitan Office', 1, ''),
(2661, 44, 62, 'Minuwangoda', 1, ''),
(2662, 44, 63, 'Mirigama', 1, ''),
(2663, 44, 64, 'Monaragala', 1, ''),
(2664, 44, 65, 'Moratuwa', 1, ''),
(2665, 44, 66, 'Mutur ? AlSafa', 1, ''),
(2666, 44, 67, 'Nawalapitiya', 1, ''),
(2667, 44, 68, 'Negombo', 1, ''),
(2668, 44, 69, 'Neluwa', 1, ''),
(2669, 44, 70, 'Nittambuwa', 1, ''),
(2670, 44, 71, 'Nugegoda', 1, ''),
(2671, 44, 72, 'Nuwara Eliya', 1, ''),
(2672, 44, 73, 'Panadura', 1, ''),
(2673, 44, 74, 'Pelmadulla', 1, ''),
(2674, 44, 75, 'Pettah', 1, ''),
(2675, 44, 76, 'Pilimathalawa', 1, ''),
(2676, 44, 77, 'Piliyandala', 1, ''),
(2677, 44, 78, 'Polonnaruwa', 1, ''),
(2678, 44, 79, 'Puttalam ? AlSafa', 1, ''),
(2679, 44, 80, 'Ratnapura', 1, ''),
(2680, 44, 81, 'Tangalle', 1, ''),
(2681, 44, 82, 'Thambuttegama', 1, ''),
(2682, 44, 83, 'Tissamaharama', 1, ''),
(2683, 44, 84, 'Trincomalee', 1, ''),
(2684, 44, 85, 'Union Place ? Alsafa', 1, ''),
(2685, 44, 86, 'Vavuniya', 1, ''),
(2686, 44, 87, 'Ward Place', 1, ''),
(2687, 44, 88, 'Wariyapola', 1, ''),
(2688, 44, 89, 'Wattala', 1, ''),
(2689, 44, 90, 'Welimada', 1, ''),
(2690, 44, 91, 'Wellawatte', 1, ''),
(2691, 44, 92, 'Wellawaya', 1, ''),
(2692, 44, 93, 'Wennappuwa', 1, ''),
(2693, 37, 103, 'Agalawatte', 1, ''),
(2694, 37, 617, 'Agarapathana', 1, ''),
(2695, 37, 243, 'Ahangama', 1, ''),
(2696, 37, 805, 'Akkaraipaththu', 1, ''),
(2697, 37, 222, 'Akmeemana', 1, ''),
(2698, 37, 204, 'Akuressa', 1, ''),
(2699, 37, 304, 'Alawwa', 1, ''),
(2700, 37, 208, 'Ambalantota', 1, ''),
(2701, 37, 331, 'Ambanpola', 1, ''),
(2702, 37, 801, 'Ampara', 1, ''),
(2703, 37, 315, 'Anamaduwa', 1, ''),
(2704, 37, 209, 'Angunukolapalassa', 1, ''),
(2705, 37, 423, 'Aralaganwila', 1, ''),
(2706, 37, 506, 'Aranayaka', 1, ''),
(2707, 37, 127, 'Awissawella', 1, ''),
(2708, 37, 711, 'Badalkumbura', 1, ''),
(2709, 37, 217, 'Baddegama', 1, ''),
(2710, 37, 705, 'Badulla', 1, ''),
(2711, 37, 114, 'Baduraliya', 1, ''),
(2712, 37, 414, 'Bakamoona', 1, ''),
(2713, 37, 514, 'Balangoda', 1, ''),
(2714, 37, 249, 'Balapitiya', 1, ''),
(2715, 37, 715, 'Bandarawela', 1, ''),
(2716, 37, 240, 'Barawakumbuka', 1, ''),
(2717, 37, 213, 'Batapola', 1, ''),
(2718, 37, 811, 'Batticaloa', 1, ''),
(2719, 37, 211, 'Beliatta', 1, ''),
(2720, 37, 107, 'Beruwala', 1, ''),
(2721, 37, 721, 'Bibile', 1, ''),
(2722, 37, 720, 'Bogahakumbura', 1, ''),
(2723, 37, 907, 'Bogaswewa', 1, ''),
(2724, 37, 328, 'Bowatte', 1, ''),
(2725, 37, 510, 'Bulathkohupitiya', 1, ''),
(2726, 37, 101, 'Bulathsinghala', 1, ''),
(2727, 37, 701, 'Buttala', 1, ''),
(2728, 37, 813, 'Chenkalady', 1, ''),
(2729, 37, 313, 'Chilaw', 1, ''),
(2730, 37, 904, 'Chunnakam', 1, ''),
(2731, 37, 233, 'City ? Matara', 1, ''),
(2732, 37, 620, 'Dambulla', 1, ''),
(2733, 37, 605, 'Danture', 1, ''),
(2734, 37, 627, 'Daulagala', 1, ''),
(2735, 37, 802, 'Dehiatthakandiya', 1, ''),
(2736, 37, 529, 'Dehiovita', 1, ''),
(2737, 37, 203, 'Deiyandara', 1, ''),
(2738, 37, 226, 'Deniyaya', 1, ''),
(2739, 37, 511, 'Deraniyagala', 1, ''),
(2740, 37, 254, 'Devinuwara', 1, ''),
(2741, 37, 509, 'Dewalegama', 1, ''),
(2742, 37, 247, 'Dikwella', 1, ''),
(2743, 37, 298, 'District Office ? Galle', 1, ''),
(2744, 37, 297, 'District Office ? Hambantota', 1, ''),
(2745, 37, 299, 'District Office ? Matara', 1, ''),
(2746, 37, 123, 'Divulapitiya', 1, ''),
(2747, 37, 724, 'Diyathalawa', 1, ''),
(2748, 37, 112, 'Dodangoda', 1, ''),
(2749, 37, 498, 'Dritrict Office Polonnaruwa', 1, ''),
(2750, 37, 305, 'Dummalasooriya', 1, ''),
(2751, 37, 424, 'Economic Centre', 1, ''),
(2752, 37, 518, 'Eheliyagoda', 1, ''),
(2753, 37, 212, 'Elpitiya', 1, ''),
(2754, 37, 515, 'Embilipitiya', 1, ''),
(2755, 37, 523, 'Erathna', 1, ''),
(2756, 37, 812, 'Eraur', 1, ''),
(2757, 37, 418, 'Galamuna', 1, ''),
(2758, 37, 415, 'Galenbindunuwewa', 1, ''),
(2759, 37, 621, 'Galewela', 1, ''),
(2760, 37, 312, 'Galgamuwa', 1, ''),
(2761, 37, 228, 'Galle', 1, ''),
(2762, 37, 405, 'Galnewa', 1, ''),
(2763, 37, 116, 'Gampaha', 1, ''),
(2764, 37, 198, 'Gampaha District Office', 1, ''),
(2765, 37, 601, 'Gampola', 1, ''),
(2766, 37, 206, 'Gandara', 1, ''),
(2767, 37, 613, 'Ginigathena', 1, ''),
(2768, 37, 719, 'Girandurukotte', 1, ''),
(2769, 37, 320, 'Giriulla', 1, ''),
(2770, 37, 522, 'Godakawela', 1, ''),
(2771, 37, 215, 'Gonagalapura', 1, ''),
(2772, 37, 416, 'Gonapathirawa', 1, ''),
(2773, 37, 105, 'Goonapola', 1, ''),
(2774, 37, 201, 'Hakmana', 1, ''),
(2775, 37, 718, 'Haldummulla', 1, ''),
(2776, 37, 238, 'Hambantota', 1, ''),
(2777, 37, 626, 'Hanguranketha', 1, ''),
(2778, 37, 712, 'Haputhale', 1, ''),
(2779, 37, 603, 'Hataraliyadda', 1, ''),
(2780, 37, 1, 'Head Office', 1, ''),
(2781, 37, 630, 'Hedeniya', 1, ''),
(2782, 37, 516, 'Hemmathagama', 1, ''),
(2783, 37, 244, 'Hikkaduwa', 1, ''),
(2784, 37, 413, 'Hingurakgoda', 1, ''),
(2785, 37, 804, 'Hingurana', 1, ''),
(2786, 37, 125, 'Homagama', 1, ''),
(2787, 37, 109, 'Horana', 1, ''),
(2788, 37, 329, 'HQB', 1, ''),
(2789, 37, 321, 'Ibbagamuwa', 1, ''),
(2790, 37, 216, 'Imaduwa', 1, ''),
(2791, 37, 111, 'Ingiriya', 1, ''),
(2792, 37, 905, 'Jaffna', 1, ''),
(2793, 37, 132, 'J-Ela', 1, ''),
(2794, 37, 421, 'Kaduruwela', 1, ''),
(2795, 37, 404, 'Kahatagasdigiliya', 1, ''),
(2796, 37, 526, 'Kahawatta', 1, ''),
(2797, 37, 818, 'Kalauwanchikudi', 1, ''),
(2798, 37, 520, 'Kalawana', 1, ''),
(2799, 37, 806, 'Kalmunai', 1, ''),
(2800, 37, 115, 'Kalutara', 1, ''),
(2801, 37, 199, 'Kalutara District Office', 1, ''),
(2802, 37, 252, 'Kaluwella', 1, ''),
(2803, 37, 225, 'Kamburugamuwa', 1, ''),
(2804, 37, 227, 'Kamburupitiya', 1, ''),
(2805, 37, 902, 'Kanagarayankulam', 1, ''),
(2806, 37, 708, 'Kandaketiya', 1, ''),
(2807, 37, 632, 'Kandy', 1, ''),
(2808, 37, 612, 'Kandy Marketing Centre', 1, ''),
(2809, 37, 814, 'Kanthale', 1, ''),
(2810, 37, 223, 'Karandeniya', 1, ''),
(2811, 37, 248, 'Karapitiya', 1, ''),
(2812, 37, 816, 'Kathankudi', 1, ''),
(2813, 37, 615, 'Katugastota', 1, ''),
(2814, 37, 210, 'Katuwana', 1, ''),
(2815, 37, 501, 'Kegalle', 1, ''),
(2816, 37, 599, 'Kegalle District Office', 1, ''),
(2817, 37, 207, 'Kekanadura', 1, ''),
(2818, 37, 422, 'Kekirawa', 1, ''),
(2819, 37, 134, 'Kelaniya ? Head Quarter', 1, ''),
(2820, 37, 906, 'Kilinochchi', 1, ''),
(2821, 37, 530, 'Kiriella', 1, ''),
(2822, 37, 317, 'Kirimetiyana', 1, ''),
(2823, 37, 245, 'Kirinda', 1, ''),
(2824, 37, 131, 'Kirindiwela', 1, ''),
(2825, 37, 507, 'Kithulgala', 1, ''),
(2826, 37, 819, 'Kokkadichcholai', 1, ''),
(2827, 37, 517, 'Kolonna', 1, ''),
(2828, 37, 126, 'Kolonnawa', 1, ''),
(2829, 37, 624, 'Kotagala', 1, ''),
(2830, 37, 527, 'Kotiyakumbura', 1, ''),
(2831, 37, 301, 'Kuliyapitiya', 1, ''),
(2832, 37, 311, 'Kurunegala', 1, ''),
(2833, 37, 399, 'Kurunegala District Office', 1, ''),
(2834, 37, 524, 'Kuruwita', 1, ''),
(2835, 37, 622, 'Laggala', 1, ''),
(2836, 37, 717, 'Lunugala', 1, ''),
(2837, 37, 219, 'Lunugamwehera', 1, ''),
(2838, 37, 726, 'Madulla', 1, ''),
(2839, 37, 807, 'Mahaoya', 1, ''),
(2840, 37, 325, 'Mahawewa', 1, ''),
(2841, 37, 709, 'Mahiyanganaya', 1, ''),
(2842, 37, 319, 'Maho', 1, ''),
(2843, 37, 324, 'Mampuri', 1, ''),
(2844, 37, 417, 'Manampitiya', 1, ''),
(2845, 37, 903, 'Mannar', 1, ''),
(2846, 37, 604, 'Marassana', 1, ''),
(2847, 37, 619, 'Matale', 1, ''),
(2848, 37, 121, 'Mathugama', 1, ''),
(2849, 37, 504, 'Mawanella', 1, ''),
(2850, 37, 236, 'Mawarala', 1, ''),
(2851, 37, 117, 'Mawaramandiya', 1, ''),
(2852, 37, 309, 'Mawathagama', 1, ''),
(2853, 37, 702, 'Medagama', 1, '');
INSERT INTO `bank_brch` (`brid`, `bnid`, `brcd`, `bcnm`, `stat`, `remk`) VALUES
(2854, 37, 407, 'Medawachchiya', 1, ''),
(2855, 37, 411, 'Medirigiriya', 1, ''),
(2856, 37, 716, 'Meegahakiula', 1, ''),
(2857, 37, 113, 'Meegahathenna', 1, ''),
(2858, 37, 119, 'Meerigama', 1, ''),
(2859, 37, 330, 'Melsiripura', 1, ''),
(2860, 37, 625, 'Menikhinna', 1, ''),
(2861, 37, 246, 'Middeniya', 1, ''),
(2862, 37, 401, 'Mihinthale', 1, ''),
(2863, 37, 104, 'Millaniya', 1, ''),
(2864, 37, 118, 'Minuwangoda', 1, ''),
(2865, 37, 251, 'Mirissa', 1, ''),
(2866, 37, 133, 'Miriswaththa', 1, ''),
(2867, 37, 703, 'Monaragala', 1, ''),
(2868, 37, 120, 'Moragahahena', 1, ''),
(2869, 37, 106, 'Moranthuduwa', 1, ''),
(2870, 37, 237, 'Morawaka', 1, ''),
(2871, 37, 607, 'Morayaya', 1, ''),
(2872, 37, 322, 'Mundel', 1, ''),
(2873, 37, 820, 'Muthtur', 1, ''),
(2874, 37, 326, 'Narammala', 1, ''),
(2875, 37, 316, 'Nattandiya', 1, ''),
(2876, 37, 628, 'Naula', 1, ''),
(2877, 37, 323, 'Nawagattegama', 1, ''),
(2878, 37, 629, 'Nawalapitiya', 1, ''),
(2879, 37, 122, 'Negombo', 1, ''),
(2880, 37, 519, 'Nelumdeniya', 1, ''),
(2881, 37, 235, 'Neluwa', 1, ''),
(2882, 37, 419, 'New Town ? Anuradhapura', 1, ''),
(2883, 37, 307, 'Nikaweratiya', 1, ''),
(2884, 37, 616, 'Nildandahinna', 1, ''),
(2885, 37, 810, 'Nintavur', 1, ''),
(2886, 37, 124, 'Nittambuwa', 1, ''),
(2887, 37, 525, 'Nivithigala', 1, ''),
(2888, 37, 610, 'Nuwara Eliya', 1, ''),
(2889, 37, 314, 'Palakuda', 1, ''),
(2890, 37, 250, 'Pamburana', 1, ''),
(2891, 37, 108, 'Panadura', 1, ''),
(2892, 37, 303, 'Panduwasnuwara', 1, ''),
(2893, 37, 302, 'Pannala', 1, ''),
(2894, 37, 706, 'Passara', 1, ''),
(2895, 37, 513, 'Pelmadulla', 1, ''),
(2896, 37, 633, 'Peradeniya', 1, ''),
(2897, 37, 128, 'Piliyandala', 1, ''),
(2898, 37, 220, 'Pitabaddera', 1, ''),
(2899, 37, 502, 'Pitagaldeniya', 1, ''),
(2900, 37, 214, 'Pitigala', 1, ''),
(2901, 37, 410, 'Polonnaruwa', 1, ''),
(2902, 37, 327, 'Polpithigama', 1, ''),
(2903, 37, 614, 'Poondaluoya', 1, ''),
(2904, 37, 306, 'Pothuhera', 1, ''),
(2905, 37, 531, 'Pothupitiya', 1, ''),
(2906, 37, 808, 'Pothuvil', 1, ''),
(2907, 37, 3, 'Provincial Office ? Central', 1, ''),
(2908, 37, 600, 'Provincial Office ? Central', 1, ''),
(2909, 37, 400, 'Provincial Office ? North Central', 1, ''),
(2910, 37, 500, 'Provincial Office ? Sabaragamuwa', 1, ''),
(2911, 37, 200, 'Provincial Office ? Southern', 1, ''),
(2912, 37, 700, 'Provincial Office ? Uva', 1, ''),
(2913, 37, 100, 'Provincial Office ? Western', 1, ''),
(2914, 37, 609, 'Pujapitiya', 1, ''),
(2915, 37, 412, 'Pulasthigama', 1, ''),
(2916, 37, 534, 'Pulungupitiya', 1, ''),
(2917, 37, 318, 'Puttlam', 1, ''),
(2918, 37, 398, 'Puttlam District Office', 1, ''),
(2919, 37, 129, 'Ragama', 1, ''),
(2920, 37, 528, 'Rakwana', 1, ''),
(2921, 37, 409, 'Rambewa', 1, ''),
(2922, 37, 503, 'Rambukkana', 1, ''),
(2923, 37, 242, 'Ranna', 1, ''),
(2924, 37, 512, 'Rathnapura', 1, ''),
(2925, 37, 623, 'Rattota', 1, ''),
(2926, 37, 308, 'Rideegama', 1, ''),
(2927, 37, 713, 'Rideemaliyadda', 1, ''),
(2928, 37, 611, 'Rikillagaskada', 1, ''),
(2929, 37, 508, 'Ruwanwella', 1, ''),
(2930, 37, 803, 'Sammanthurai', 1, ''),
(2931, 37, 332, 'Santha Anapura', 1, ''),
(2932, 37, 425, 'Sevanapitiya', 1, ''),
(2933, 37, 725, 'Sewanagala', 1, ''),
(2934, 37, 420, 'Siripura', 1, ''),
(2935, 37, 723, 'Siyambalanduwa', 1, ''),
(2936, 37, 224, 'Sooriyawewa', 1, ''),
(2937, 37, 533, 'Sri Palabaddala', 1, ''),
(2938, 37, 234, 'Tangalle', 1, ''),
(2939, 37, 608, 'Teldeniya', 1, ''),
(2940, 37, 406, 'Thalawa', 1, ''),
(2941, 37, 221, 'Thalgaswala', 1, ''),
(2942, 37, 403, 'Thambuththegama', 1, ''),
(2943, 37, 704, 'Thanamalvila', 1, ''),
(2944, 37, 232, 'Thihagoda', 1, ''),
(2945, 37, 408, 'Thirappane', 1, ''),
(2946, 37, 218, 'Tissamaharama', 1, ''),
(2947, 37, 402, 'Town Branch ? Anuradhapura', 1, ''),
(2948, 37, 817, 'Trincomalee', 1, ''),
(2949, 37, 602, 'Udawela', 1, ''),
(2950, 37, 618, 'Ududumbara', 1, ''),
(2951, 37, 241, 'Udugama', 1, ''),
(2952, 37, 809, 'Uhana', 1, ''),
(2953, 37, 229, 'Uragasmanhandiya', 1, ''),
(2954, 37, 202, 'Urubokka', 1, ''),
(2955, 37, 722, 'Uva Maligathenna', 1, ''),
(2956, 37, 714, 'Uvaparanagama', 1, ''),
(2957, 37, 815, 'Valachenai', 1, ''),
(2958, 37, 901, 'Vavuniya', 1, ''),
(2959, 37, 130, 'Wadduwa', 1, ''),
(2960, 37, 102, 'Walagedara', 1, ''),
(2961, 37, 239, 'Walasmulla', 1, ''),
(2962, 37, 110, 'Warakagoda', 1, ''),
(2963, 37, 505, 'Warakapola', 1, ''),
(2964, 37, 253, 'Warapitiya', 1, ''),
(2965, 37, 310, 'Wariyapola', 1, ''),
(2966, 37, 606, 'Wattegama', 1, ''),
(2967, 37, 300, 'Wayamba Provincial Office', 1, ''),
(2968, 37, 231, 'Weerakatiya', 1, ''),
(2969, 37, 205, 'Weligama', 1, ''),
(2970, 37, 532, 'Weligepola', 1, ''),
(2971, 37, 707, 'Welimada', 1, ''),
(2972, 37, 710, 'wellawaya', 1, ''),
(2973, 37, 631, 'Wilgamuwa', 1, ''),
(2974, 37, 230, 'Yakkalamulla', 1, ''),
(2975, 37, 521, 'Yatiyantota', 1, ''),
(2976, 4, 139, '2nd Branch Batticaloa', 1, ''),
(2977, 4, 182, 'Ahangama', 1, ''),
(2978, 4, 111, 'Akkaraipattu', 1, ''),
(2979, 4, 179, 'Akuressa', 1, ''),
(2980, 4, 53, 'Alawwa PBC', 1, ''),
(2981, 4, 79, 'Aluthgama', 1, ''),
(2982, 4, 104, 'Ambalantota', 1, ''),
(2983, 4, 72, 'Ambalongoda', 1, ''),
(2984, 4, 62, 'Ampara', 1, ''),
(2985, 4, 143, 'Anamabuwa', 1, ''),
(2986, 4, 168, 'Anuradhapura New Town', 1, ''),
(2987, 4, 21, 'Anuradhapura Super Branch', 1, ''),
(2988, 4, 154, 'Aralangawila', 1, ''),
(2989, 4, 67, 'Athurugiriya PBC', 1, ''),
(2990, 4, 89, 'Attidiya', 1, ''),
(2991, 4, 22, 'Avissawella', 1, ''),
(2992, 4, 118, 'Baddegama', 1, ''),
(2993, 4, 93, 'Badulla', 1, ''),
(2994, 4, 97, 'Balangoda', 1, ''),
(2995, 4, 11, 'Bambalapitiya', 1, ''),
(2996, 4, 59, 'Bandaragama', 1, ''),
(2997, 4, 46, 'Bandarawela', 1, ''),
(2998, 4, 61, 'Battaramulla', 1, ''),
(2999, 4, 107, 'Batticaloa', 1, ''),
(3000, 4, 180, 'Beliatta', 1, ''),
(3001, 4, 161, 'Bibile', 1, ''),
(3002, 4, 142, 'Boralesgamuwa', 1, ''),
(3003, 4, 4, 'Borella', 1, ''),
(3004, 4, 218, 'Borella Super', 1, ''),
(3005, 4, 145, 'Buttala', 1, ''),
(3006, 4, 996, 'Card Centre', 1, ''),
(3007, 4, 993, 'Central Clearing Department', 1, ''),
(3008, 4, 164, 'Chankanai', 1, ''),
(3009, 4, 169, 'Chavakachcheri', 1, ''),
(3010, 4, 121, 'Chenkalady', 1, ''),
(3011, 4, 108, 'Chilaw', 1, ''),
(3012, 4, 128, 'Chunnakam', 1, ''),
(3013, 4, 1, 'City Office', 1, ''),
(3014, 4, 175, 'Colombo Super', 1, ''),
(3015, 4, 90, 'Dambulla', 1, ''),
(3016, 4, 196, 'Dankotuwa', 1, ''),
(3017, 4, 167, 'Dehiattakandiya', 1, ''),
(3018, 4, 17, 'Dehiwala', 1, ''),
(3019, 4, 202, 'Delgoda', 1, ''),
(3020, 4, 14, 'Deniyaya', 1, ''),
(3021, 4, 49, 'Deraniyagala PBC', 1, ''),
(3022, 4, 216, 'Dickwella', 1, ''),
(3023, 4, 85, 'Digana PBC', 1, ''),
(3024, 4, 198, 'Divulapitiya', 1, ''),
(3025, 4, 20, 'Eheliyagoda', 1, ''),
(3026, 4, 204, 'Elpitiya', 1, ''),
(3027, 4, 43, 'Embilipitiya', 1, ''),
(3028, 4, 114, 'Embuldeniya', 1, ''),
(3029, 4, 12, 'Fort', 1, ''),
(3030, 4, 190, 'Galewela', 1, ''),
(3031, 4, 35, 'Galle', 1, ''),
(3032, 4, 159, 'Galle Bazaar', 1, ''),
(3033, 4, 16, 'Gampaha', 1, ''),
(3034, 4, 212, 'Gampaha Super', 1, ''),
(3035, 4, 101, 'Gampola', 1, ''),
(3036, 4, 78, 'Ganemulla PBC', 1, ''),
(3037, 4, 135, 'Gangodawila', 1, ''),
(3038, 4, 95, 'Giriulla', 1, ''),
(3039, 4, 225, 'Godakawela', 1, ''),
(3040, 4, 173, 'Gothatuwa New Town', 1, ''),
(3041, 4, 127, 'Grandpass', 1, ''),
(3042, 4, 70, 'Gregorys Road PBC', 1, ''),
(3043, 4, 181, 'Habaraduwa', 1, ''),
(3044, 4, 137, 'Hanwella', 1, ''),
(3045, 4, 58, 'Harbour-View PBC', 1, ''),
(3046, 4, 80, 'Hatton', 1, ''),
(3047, 4, 999, 'Head Office', 1, ''),
(3048, 4, 29, 'Corporate', 1, 'Headquarters >> Corporate'),
(3049, 4, 220, 'Heerassagala', 1, ''),
(3050, 4, 96, 'Hendala', 1, ''),
(3051, 4, 187, 'Hettipola', 1, ''),
(3052, 4, 229, 'Hikkaduwa', 1, ''),
(3053, 4, 110, 'Hingurakgoda', 1, ''),
(3054, 4, 69, 'Homagama', 1, ''),
(3055, 4, 57, 'Horana', 1, ''),
(3056, 4, 140, 'Ingiriya', 1, ''),
(3057, 4, 98, 'Ja-Ela', 1, ''),
(3058, 4, 120, 'Jaffna', 1, ''),
(3059, 4, 206, 'Kaburupitiya', 1, ''),
(3060, 4, 60, 'Kadawatha', 1, ''),
(3061, 4, 38, 'Kaduruwela', 1, ''),
(3062, 4, 162, 'Kaduwela', 1, ''),
(3063, 4, 203, 'Kahatagasdigiliya', 1, ''),
(3064, 4, 41, 'Kalawana', 1, ''),
(3065, 4, 112, 'Kalmunai', 1, ''),
(3066, 4, 50, 'Kalutara', 1, ''),
(3067, 4, 125, 'Kaluwanchikudy', 1, ''),
(3068, 4, 76, 'Kandana', 1, ''),
(3069, 4, 123, 'Kandy City Centre', 1, ''),
(3070, 4, 100, 'Kandy Metro', 1, ''),
(3071, 4, 7, 'Kandy Super', 1, ''),
(3072, 4, 172, 'Kantale', 1, ''),
(3073, 4, 210, 'Karagampitiya', 1, ''),
(3074, 4, 141, 'Karapitiya', 1, ''),
(3075, 4, 115, 'Kattankudy', 1, ''),
(3076, 4, 32, 'Katugastota', 1, ''),
(3077, 4, 171, 'Kayts', 1, ''),
(3078, 4, 64, 'Kegall', 1, ''),
(3079, 4, 149, 'Kekirawa', 1, ''),
(3080, 4, 227, 'Kelaniya', 1, ''),
(3081, 4, 224, 'Kesbewa', 1, ''),
(3082, 4, 151, 'Keselwatta', 1, ''),
(3083, 4, 148, 'Kilinochchi', 1, ''),
(3084, 4, 177, 'Kinniya', 1, ''),
(3085, 4, 5, 'Kiribathgoda', 1, ''),
(3086, 4, 200, 'Kiribathgoda', 1, ''),
(3087, 4, 83, 'Kirindiwela PBC', 1, ''),
(3088, 4, 117, 'Kirulapone', 1, ''),
(3089, 4, 165, 'Kochchikade', 1, ''),
(3090, 4, 94, 'Kohuwela', 1, ''),
(3091, 4, 134, 'Kollupitiya', 1, ''),
(3092, 4, 37, 'Kotahena', 1, ''),
(3093, 4, 52, 'Kottawa', 1, ''),
(3094, 4, 23, 'Kuliyapitiya', 1, ''),
(3095, 4, 133, 'Kundasale', 1, ''),
(3096, 4, 6, 'Kurunegala', 1, ''),
(3097, 4, 215, 'Kurunegala Metro', 1, ''),
(3098, 4, 189, 'Madampe', 1, ''),
(3099, 4, 13, 'Maharagama', 1, ''),
(3100, 4, 92, 'Maharagama Super', 1, ''),
(3101, 4, 56, 'Mahiyanganaya', 1, ''),
(3102, 4, 197, 'Maho', 1, ''),
(3103, 4, 42, 'Main Street', 1, ''),
(3104, 4, 207, 'Makola', 1, ''),
(3105, 4, 39, 'Malabe', 1, ''),
(3106, 4, 174, 'Mallavi', 1, ''),
(3107, 4, 147, 'Manipay', 1, ''),
(3108, 4, 119, 'Mannar', 1, ''),
(3109, 4, 144, 'Maradana', 1, ''),
(3110, 4, 183, 'Marandagahamula', 1, ''),
(3111, 4, 194, 'Marawila', 1, ''),
(3112, 4, 25, 'Matale', 1, ''),
(3113, 4, 10, 'Matara', 1, ''),
(3114, 4, 153, 'Matara Bazaar', 1, ''),
(3115, 4, 176, 'Mattegoda', 1, ''),
(3116, 4, 106, 'Matugama', 1, ''),
(3117, 4, 160, 'Mawanella', 1, ''),
(3118, 4, 109, 'Mawathagama', 1, ''),
(3119, 4, 184, 'Menikhinna', 1, ''),
(3120, 4, 158, 'Middeniya', 1, ''),
(3121, 4, 65, 'Minuwangoda', 1, ''),
(3122, 4, 86, 'Mirigama', 1, ''),
(3123, 4, 74, 'Monaragala', 1, ''),
(3124, 4, 155, 'Moratumulla', 1, ''),
(3125, 4, 31, 'Moratuwa', 1, ''),
(3126, 4, 15, 'Morawaka', 1, ''),
(3127, 4, 199, 'Mount Lavinia', 1, ''),
(3128, 4, 208, 'Muttur', 1, ''),
(3129, 4, 193, 'Mutwal', 1, ''),
(3130, 4, 40, 'Narahenpita', 1, ''),
(3131, 4, 99, 'Narammala', 1, ''),
(3132, 4, 132, 'Nattandiya', 1, ''),
(3133, 4, 82, 'Nawala', 1, ''),
(3134, 4, 223, 'Nawala Koswatta', 1, ''),
(3135, 4, 195, 'Nawalapitiya', 1, ''),
(3136, 4, 9, 'Nawam Mawatha', 1, ''),
(3137, 4, 24, 'Negombo', 1, ''),
(3138, 4, 88, 'Negombo 2nd', 1, ''),
(3139, 4, 129, 'Nelliady', 1, ''),
(3140, 4, 54, 'Neluwa PBC', 1, ''),
(3141, 4, 102, 'Nikaweratiya', 1, ''),
(3142, 4, 185, 'Ninthavur', 1, ''),
(3143, 4, 71, 'Nittambuwa', 1, ''),
(3144, 4, 138, 'Nochchiyagama', 1, ''),
(3145, 4, 3, 'Nugegoda', 1, ''),
(3146, 4, 84, 'Nuwara Eliya', 1, ''),
(3147, 4, 124, 'Oddamavady', 1, ''),
(3148, 4, 27, 'Old Moor Street', 1, ''),
(3149, 4, 214, 'Orugodawatte', 1, ''),
(3150, 4, 192, 'Padukka', 1, ''),
(3151, 4, 26, 'Panadura', 1, ''),
(3152, 4, 47, 'Panadura Wekada', 1, ''),
(3153, 4, 191, 'Panchikawatte', 1, ''),
(3154, 4, 166, 'Pannala', 1, ''),
(3155, 4, 87, 'Pannipitiya', 1, ''),
(3156, 4, 146, 'Passara', 1, ''),
(3157, 4, 63, 'Pelawatte PBC', 1, ''),
(3158, 4, 136, 'Peliyagoda', 1, ''),
(3159, 4, 103, 'Pelmadulla', 1, ''),
(3160, 4, 51, 'Peradeniya PBC', 1, ''),
(3161, 4, 2, 'Pettah', 1, ''),
(3162, 4, 150, 'Pilimatalawa', 1, ''),
(3163, 4, 19, 'Piliyandala', 1, ''),
(3164, 4, 91, 'Pitakotte', 1, ''),
(3165, 4, 131, 'Platinum Plus', 1, ''),
(3166, 4, 228, 'Polgahawela', 1, ''),
(3167, 4, 221, 'Poojapitiya', 1, ''),
(3168, 4, 130, 'Pottuvil', 1, ''),
(3169, 4, 217, 'Prince Street', 1, ''),
(3170, 4, 152, 'Pussellawa', 1, ''),
(3171, 4, 156, 'Puttalam', 1, ''),
(3172, 4, 73, 'Ragama PBC', 1, ''),
(3173, 4, 122, 'Rajagiriya', 1, ''),
(3174, 4, 188, 'Rambukkana', 1, ''),
(3175, 4, 33, 'Rathnapura', 1, ''),
(3176, 4, 18, 'Ratmalana', 1, ''),
(3177, 4, 226, 'Ratnapura', 1, ''),
(3178, 4, 163, 'Rikillagaskada', 1, ''),
(3179, 4, 201, 'Ruwanwella', 1, ''),
(3180, 4, 126, 'Sainthamaruthu', 1, ''),
(3181, 4, 929, 'Sampath Viswa', 1, ''),
(3182, 4, 213, 'Seeduwa', 1, ''),
(3183, 4, 157, 'Sooriyawewa', 1, ''),
(3184, 4, 211, 'Talahena', 1, ''),
(3185, 4, 116, 'Tangalle', 1, ''),
(3186, 4, 222, 'Thalawakele', 1, ''),
(3187, 4, 178, 'Thalawathugoda', 1, ''),
(3188, 4, 48, 'Thambuttegama (PBC)', 1, ''),
(3189, 4, 34, 'Thimbirigasyaya', 1, ''),
(3190, 4, 186, 'Thirunelvely', 1, ''),
(3191, 4, 28, 'Tissamaharama', 1, ''),
(3192, 4, 66, 'Trincomalee', 1, ''),
(3193, 4, 55, 'Vavunia', 1, ''),
(3194, 4, 170, 'Vavuniya Metro', 1, ''),
(3195, 4, 77, 'veyangoda PBC', 1, ''),
(3196, 4, 75, 'Wadduwa PBC', 1, ''),
(3197, 4, 205, 'Warakapola', 1, ''),
(3198, 4, 44, 'Wariyapola (PBC)', 1, ''),
(3199, 4, 8, 'Wattala', 1, ''),
(3200, 4, 105, 'Wattegama', 1, ''),
(3201, 4, 209, 'Weligama', 1, ''),
(3202, 4, 81, 'Welimada', 1, ''),
(3203, 4, 45, 'Wellampitiya (PBC)', 1, ''),
(3204, 4, 36, 'Wellawatte Super', 1, ''),
(3205, 4, 113, 'Wellawaya', 1, ''),
(3206, 4, 30, 'Wennappuwa', 1, ''),
(3207, 4, 219, 'World Trade Center', 1, ''),
(3208, 4, 68, 'Yakkala PBC', 1, ''),
(3209, 14, 1, '1st Colombo City', 1, ''),
(3210, 14, 74, 'Akkeripattu', 1, ''),
(3211, 14, 8, 'Akurassa', 1, ''),
(3212, 14, 80, 'Aluthgama', 1, ''),
(3213, 14, 30, 'Ambalangoda', 1, ''),
(3214, 14, 23, 'Ambalanthota', 1, ''),
(3215, 14, 39, 'Ampara', 1, ''),
(3216, 14, 50, 'Anamaduwa', 1, ''),
(3217, 14, 51, 'Angunakolapalassa', 1, ''),
(3218, 14, 17, 'Anuradhapura', 1, ''),
(3219, 14, 52, 'Aralaganvila', 1, ''),
(3220, 14, 44, 'Badulla', 1, ''),
(3221, 14, 3, 'Battaramulla', 1, ''),
(3222, 14, 29, 'Batticaloa', 1, ''),
(3223, 14, 62, 'Buttala', 1, ''),
(3224, 14, 11, 'Chilaw', 1, ''),
(3225, 14, 89, 'Chunnakam', 1, ''),
(3226, 14, 35, 'Dambulla', 1, ''),
(3227, 14, 58, 'Dehiattakandiya', 1, ''),
(3228, 14, 86, 'Dehiwala', 1, ''),
(3229, 14, 49, 'Deniyaya', 1, ''),
(3230, 14, 57, 'Deraniyagala', 1, ''),
(3231, 14, 88, 'Ekala', 1, ''),
(3232, 14, 64, 'Elpitiya', 1, ''),
(3233, 14, 4, 'Embilipitiya', 1, ''),
(3234, 14, 53, 'Galenbidunuwewa', 1, ''),
(3235, 14, 32, 'Galle', 1, ''),
(3236, 14, 82, 'Gampaha', 1, ''),
(3237, 14, 48, 'Gampola', 1, ''),
(3238, 14, 33, 'Giriulla', 1, ''),
(3239, 14, 76, 'Hatharaliyadda', 1, ''),
(3240, 14, 77, 'Hingurna', 1, ''),
(3241, 14, 5, 'Horana', 1, ''),
(3242, 14, 42, 'Jaffna', 1, ''),
(3243, 14, 78, 'Kaduwela', 1, ''),
(3244, 14, 59, 'Kalawanchikudi', 1, ''),
(3245, 14, 22, 'Kalmuani', 1, ''),
(3246, 14, 25, 'Kalutara', 1, ''),
(3247, 14, 10, 'Kandy', 1, ''),
(3248, 14, 73, 'Kanthale', 1, ''),
(3249, 14, 7, 'Karapitiya', 1, ''),
(3250, 14, 67, 'Katuwana', 1, ''),
(3251, 14, 2, 'Kegalle', 1, ''),
(3252, 14, 71, 'Kekirawa', 1, ''),
(3253, 14, 69, 'Kilinochchi', 1, ''),
(3254, 14, 6, 'Kiribathgoda', 1, ''),
(3255, 14, 56, 'Kirulapona', 1, ''),
(3256, 14, 26, 'Kuliyapitiya', 1, ''),
(3257, 14, 20, 'Kurunegala', 1, ''),
(3258, 14, 85, 'Mahabage', 1, ''),
(3259, 14, 81, 'Maharagama', 1, ''),
(3260, 14, 37, 'Maho', 1, ''),
(3261, 14, 84, 'Malabe', 1, ''),
(3262, 14, 13, 'Manaragala', 1, ''),
(3263, 14, 90, 'Mannar', 1, ''),
(3264, 14, 46, 'Mapalagama', 1, ''),
(3265, 14, 9, 'Matale', 1, ''),
(3266, 14, 31, 'Matara', 1, ''),
(3267, 14, 47, 'Mathugama', 1, ''),
(3268, 14, 68, 'Mawanella', 1, ''),
(3269, 14, 40, 'Medawachchiya', 1, ''),
(3270, 14, 75, 'Moratuwa', 1, ''),
(3271, 14, 41, 'Muthur', 1, ''),
(3272, 14, 43, 'Nanatan', 1, ''),
(3273, 14, 79, 'Narammala', 1, ''),
(3274, 14, 27, 'Negombo', 1, ''),
(3275, 14, 65, 'Nochchiyagama', 1, ''),
(3276, 14, 87, 'Nuwara Eliya', 1, ''),
(3277, 14, 70, 'Padavi Parakramapura', 1, ''),
(3278, 14, 55, 'Pilimathalawa', 1, ''),
(3279, 14, 28, 'Polonnaruwa', 1, ''),
(3280, 14, 45, 'Pottuvil', 1, ''),
(3281, 14, 34, 'Rambukkana', 1, ''),
(3282, 14, 15, 'Rathnapura', 1, ''),
(3283, 14, 19, 'Rikillagaskada', 1, ''),
(3284, 14, 14, 'Ruwanwella', 1, ''),
(3285, 14, 18, 'Sahasapura', 1, ''),
(3286, 14, 60, 'Samanthurei', 1, ''),
(3287, 14, 999, 'Sanasa Development Bank Head Office', 1, ''),
(3288, 14, 61, 'Siyabalanduwa', 1, ''),
(3289, 14, 83, 'Thalawa', 1, ''),
(3290, 14, 36, 'Thambuththegama', 1, ''),
(3291, 14, 21, 'Trincomalle', 1, ''),
(3292, 14, 72, 'Uhana', 1, ''),
(3293, 14, 63, 'Valachchena', 1, ''),
(3294, 14, 12, 'Vavuniya', 1, ''),
(3295, 14, 16, 'Warakapola', 1, ''),
(3296, 14, 54, 'Wariyapola', 1, ''),
(3297, 14, 38, 'Wennappuwa', 1, ''),
(3298, 14, 66, 'Yakkalamulla', 1, ''),
(3299, 22, 1, 'Head Office', 1, ''),
(3300, 6, 116, 'Akkaraipatthu', 1, ''),
(3301, 6, 100, 'Akuressa', 1, ''),
(3302, 6, 24, 'Ambalangoda', 1, ''),
(3303, 6, 105, 'Ambalantota', 1, ''),
(3304, 6, 91, 'Ampara', 1, ''),
(3305, 6, 21, 'Anuradhapura', 1, ''),
(3306, 6, 129, 'Aralaganwila', 1, ''),
(3307, 6, 163, 'Athurugiriya', 1, ''),
(3308, 6, 41, 'Attidiya', 1, ''),
(3309, 6, 75, 'Awissawella', 1, ''),
(3310, 6, 26, 'Badulla', 1, ''),
(3311, 6, 145, 'Baduraliya', 1, ''),
(3312, 6, 20, 'Balangoda', 1, ''),
(3313, 6, 139, 'Bambalapitiya', 1, ''),
(3314, 6, 54, 'Bandaragama', 1, ''),
(3315, 6, 46, 'Bandarawela', 1, ''),
(3316, 6, 101, 'Battaramulla', 1, ''),
(3317, 6, 73, 'Batticaloa', 1, ''),
(3318, 6, 65, 'Beliatta', 1, ''),
(3319, 6, 121, 'Beruwala', 1, ''),
(3320, 6, 59, 'Bogawanthalawa', 1, ''),
(3321, 6, 34, 'Boralesgamuwa', 1, ''),
(3322, 6, 82, 'Borella', 1, ''),
(3323, 6, 137, 'Bowatta', 1, ''),
(3324, 6, 996, 'Central Processing Unit', 1, ''),
(3325, 6, 117, 'Chankanai', 1, ''),
(3326, 6, 95, 'Chavakachcheri', 1, ''),
(3327, 6, 98, 'Chenkalady', 1, ''),
(3328, 6, 15, 'Chilaw', 1, ''),
(3329, 6, 166, 'Chunnakam', 1, ''),
(3330, 6, 32, 'Cinnamon Gardens', 1, ''),
(3331, 6, 1, 'City Office', 1, ''),
(3332, 6, 30, 'Colombo Fort', 1, ''),
(3333, 6, 144, 'Colombo Gold Centre', 1, ''),
(3334, 6, 69, 'Dam Street', 1, ''),
(3335, 6, 103, 'Dambulla', 1, ''),
(3336, 6, 161, 'Dankotuwa', 1, ''),
(3337, 6, 156, 'Deal Place', 1, ''),
(3338, 6, 29, 'Dehiattakandiya', 1, ''),
(3339, 6, 14, 'Dehiwala', 1, ''),
(3340, 6, 111, 'Dummalasooriya', 1, ''),
(3341, 6, 45, 'Embilipitiya', 1, ''),
(3342, 6, 138, 'Eppawala', 1, ''),
(3343, 6, 113, 'Galenbidunuwewa', 1, ''),
(3344, 6, 16, 'Galle', 1, ''),
(3345, 6, 11, 'Gampaha', 1, ''),
(3346, 6, 25, 'Gampola', 1, ''),
(3347, 6, 60, 'Ganemulla', 1, ''),
(3348, 6, 112, 'Godagama', 1, ''),
(3349, 6, 123, 'Gothatuwa', 1, ''),
(3350, 6, 22, 'Grandpass', 1, ''),
(3351, 6, 81, 'Hambantota', 1, ''),
(3352, 6, 155, 'Hasalaka', 1, ''),
(3353, 6, 39, 'Hatton', 1, ''),
(3354, 6, 83, 'Havelock Town', 1, ''),
(3355, 6, 999, 'Head Office', 1, ''),
(3356, 6, 140, 'Hikkaduwa', 1, ''),
(3357, 6, 51, 'Hingurakgoda', 1, ''),
(3358, 6, 43, 'Homagama', 1, ''),
(3359, 6, 23, 'Horana', 1, ''),
(3360, 6, 120, 'Ingiriya', 1, ''),
(3361, 6, 27, 'Ja-Ela', 1, ''),
(3362, 6, 85, 'Jaffna', 1, ''),
(3363, 6, 28, 'Kadawatha', 1, ''),
(3364, 6, 102, 'Kaduruwela', 1, ''),
(3365, 6, 130, 'Kalawanchikudy', 1, ''),
(3366, 6, 97, 'Kalmunai', 1, ''),
(3367, 6, 147, 'Kalpitiya', 1, ''),
(3368, 6, 42, 'Kalubowila', 1, ''),
(3369, 6, 36, 'Kalutara', 1, ''),
(3370, 6, 146, 'Kamburupitiya', 1, ''),
(3371, 6, 17, 'Kandy', 1, ''),
(3372, 6, 115, 'Kanthale', 1, ''),
(3373, 6, 164, 'Karapitiya', 1, ''),
(3374, 6, 148, 'Kataragama', 1, ''),
(3375, 6, 74, 'Kaththankudy', 1, ''),
(3376, 6, 149, 'Katugastota', 1, ''),
(3377, 6, 31, 'Katunayaka', 1, ''),
(3378, 6, 55, 'Katuneriya', 1, ''),
(3379, 6, 10, 'Kegalle', 1, ''),
(3380, 6, 77, 'Kekirawa', 1, ''),
(3381, 6, 143, 'Kelaniya', 1, ''),
(3382, 6, 93, 'Kilinochchi', 1, ''),
(3383, 6, 6, 'Kiribathgoda', 1, ''),
(3384, 6, 126, 'Kirindiwela', 1, ''),
(3385, 6, 122, 'Kirulapone', 1, ''),
(3386, 6, 58, 'Kochchikade', 1, ''),
(3387, 6, 56, 'Koggala', 1, ''),
(3388, 6, 8, 'Kollupitiya', 1, ''),
(3389, 6, 61, 'Kotagala Talawakale', 1, ''),
(3390, 6, 118, 'Kotahena', 1, ''),
(3391, 6, 136, 'Kotiyakumbura', 1, ''),
(3392, 6, 33, 'Kottawa', 1, ''),
(3393, 6, 44, 'Kuliyapitiya', 1, ''),
(3394, 6, 18, 'Kurunegala', 1, ''),
(3395, 6, 4, 'Maharagama', 1, ''),
(3396, 6, 107, 'Mahiyanganaya', 1, ''),
(3397, 6, 67, 'Malabe', 1, ''),
(3398, 6, 53, 'Manampitiya', 1, ''),
(3399, 6, 131, 'Manipay', 1, ''),
(3400, 6, 94, 'Mannar', 1, ''),
(3401, 6, 47, 'Maradana', 1, ''),
(3402, 6, 84, 'Marandagahamula', 1, ''),
(3403, 6, 38, 'Matale', 1, ''),
(3404, 6, 2, 'Matara', 1, ''),
(3405, 6, 165, 'Matara Bazzar', 1, ''),
(3406, 6, 66, 'Mathugama', 1, ''),
(3407, 6, 48, 'Mawanella', 1, ''),
(3408, 6, 109, 'Mawathagama', 1, ''),
(3409, 6, 132, 'Medawachchiya', 1, ''),
(3410, 6, 89, 'Meegoda', 1, ''),
(3411, 6, 86, 'Millenium', 1, ''),
(3412, 6, 124, 'Minuwangoda', 1, ''),
(3413, 6, 78, 'Mirigama', 1, ''),
(3414, 6, 104, 'Monaragala', 1, ''),
(3415, 6, 125, 'Moratumulla', 1, ''),
(3416, 6, 9, 'Moratuwa', 1, ''),
(3417, 6, 3, 'Mount Lavinia', 1, ''),
(3418, 6, 96, 'Mullativu', 1, ''),
(3419, 6, 167, 'Mutwal', 1, ''),
(3420, 6, 106, 'Narammala', 1, ''),
(3421, 6, 52, 'Nawala', 1, ''),
(3422, 6, 76, 'Nawalapitiya', 1, ''),
(3423, 6, 13, 'Negombo', 1, ''),
(3424, 6, 92, 'Nelliady', 1, ''),
(3425, 6, 87, 'Nittambuwa', 1, ''),
(3426, 6, 133, 'Nochchiyagama', 1, ''),
(3427, 6, 12, 'Nugegoda', 1, ''),
(3428, 6, 19, 'Nuwara Eliya', 1, ''),
(3429, 6, 50, 'Old Moor Street', 1, ''),
(3430, 6, 154, 'Padaviya', 1, ''),
(3431, 6, 134, 'Pallekelle', 1, ''),
(3432, 6, 5, 'Panadura', 1, ''),
(3433, 6, 162, 'Pannala', 1, ''),
(3434, 6, 90, 'Pelmadulla.', 1, ''),
(3435, 6, 157, 'Peradeniya', 1, ''),
(3436, 6, 64, 'Pettah', 1, ''),
(3437, 6, 158, 'Pilimathalawa', 1, ''),
(3438, 6, 99, 'Piliyandala', 1, ''),
(3439, 6, 114, 'Pitakotte', 1, ''),
(3440, 6, 159, 'Polonnaruwa', 1, ''),
(3441, 6, 151, 'Pothuvil', 1, ''),
(3442, 6, 110, 'Pussellawa', 1, ''),
(3443, 6, 49, 'Puttalam', 1, ''),
(3444, 6, 62, 'Raddolugama', 1, ''),
(3445, 6, 128, 'Ranpokunugama', 1, ''),
(3446, 6, 7, 'Ratnapura', 1, ''),
(3447, 6, 998, 'Retail Remittance Center', 1, ''),
(3448, 6, 141, 'Rideegama', 1, ''),
(3449, 6, 80, 'Ruwanwella', 1, ''),
(3450, 6, 152, 'Samanthurai', 1, ''),
(3451, 6, 40, 'Sarikkamulla', 1, ''),
(3452, 6, 0, 'Seylan Bank Head Office', 1, ''),
(3453, 6, 997, 'Seylan Card Centre (SCC)', 1, ''),
(3454, 6, 153, 'Siyambalanduwa', 1, ''),
(3455, 6, 79, 'Soysapura', 1, ''),
(3456, 6, 37, 'Tissamaharama', 1, ''),
(3457, 6, 88, 'Trincomalee', 1, ''),
(3458, 6, 119, 'Udappu', 1, ''),
(3459, 6, 72, 'Vavuniya', 1, ''),
(3460, 6, 108, 'Veyangoda', 1, ''),
(3461, 6, 142, 'Wadduwa', 1, ''),
(3462, 6, 70, 'Warakapola', 1, ''),
(3463, 6, 71, 'Wattala', 1, ''),
(3464, 6, 57, 'Welimada', 1, ''),
(3465, 6, 63, 'Weliveriya', 1, ''),
(3466, 6, 68, 'Wellawatte', 1, ''),
(3467, 6, 160, 'Wennappuwa', 1, ''),
(3468, 6, 135, 'Wijerama', 1, ''),
(3469, 6, 35, 'Yakkala', 1, ''),
(3470, 6, 127, 'Yatiyantota', 1, ''),
(3471, 30, 2, 'Colpetty', 1, ''),
(3472, 30, 1, 'Head Office', 1, ''),
(3473, 30, 999, 'Head Office', 1, ''),
(3474, 30, 4, 'Kiribathgoda', 1, ''),
(3475, 30, 5, 'Kirullapone', 1, ''),
(3476, 30, 6, 'Moratuwa', 1, ''),
(3477, 30, 10, 'Pettah', 1, ''),
(3478, 30, 11, 'Priority Banking Centre', 1, ''),
(3479, 30, 7, 'Rajagiriya', 1, ''),
(3480, 30, 3, 'Wellawatte', 1, ''),
(3481, 38, 0, 'Head Office', 1, ''),
(3482, 38, 1, 'Head Office', 1, ''),
(3483, 38, 999, 'Head Office', 1, ''),
(3484, 38, 3, 'Jaffna', 1, ''),
(3485, 38, 2, 'Kandy', 1, ''),
(3486, 38, 32, 'Kohuwala', 1, ''),
(3487, 39, 14, 'Ambalantota', 1, ''),
(3488, 39, 17, 'Ampara', 1, ''),
(3489, 39, 24, 'Anuradhapura', 1, ''),
(3490, 39, 22, 'Badulla', 1, ''),
(3491, 39, 10, 'Battaramulla', 1, ''),
(3492, 39, 15, 'Batticaloa', 1, ''),
(3493, 39, 8, 'Chilaw', 1, ''),
(3494, 39, 5, 'Galle', 1, ''),
(3495, 39, 4, 'Gampaha', 1, ''),
(3496, 39, 21, 'Hatton', 1, ''),
(3497, 39, 1, 'Head Office City', 1, ''),
(3498, 39, 13, 'Horana', 1, ''),
(3499, 39, 16, 'Jaffna', 1, ''),
(3500, 39, 19, 'Kaduruwela', 1, ''),
(3501, 39, 2, 'Kandy', 1, ''),
(3502, 39, 12, 'Kegalle', 1, ''),
(3503, 39, 11, 'Kiribathgoda', 1, ''),
(3504, 39, 6, 'Kurunegala', 1, ''),
(3505, 39, 25, 'Matale', 1, ''),
(3506, 39, 9, 'Matara', 1, ''),
(3507, 39, 7, 'Matugama', 1, ''),
(3508, 39, 23, 'Monaragala', 1, ''),
(3509, 39, 26, 'Panadura', 1, ''),
(3510, 39, 18, 'Ratnapura', 1, ''),
(3511, 39, 3, 'SMIB Finance Department', 1, ''),
(3512, 39, 20, 'Vavuniya', 1, ''),
(3513, 8, 63, 'Akuressa', 1, ''),
(3514, 8, 35, 'Ambalangoda', 1, ''),
(3515, 8, 49, 'Ambalanthota', 1, ''),
(3516, 8, 41, 'Angunakolapelessa', 1, ''),
(3517, 8, 31, 'Anuradhapura', 1, ''),
(3518, 8, 22, 'Atchuvely', 1, ''),
(3519, 8, 65, 'Attidiya', 1, ''),
(3520, 8, 33, 'Badulla', 1, ''),
(3521, 8, 51, 'Balangoda', 1, ''),
(3522, 8, 25, 'Batticaloa', 1, ''),
(3523, 8, 36, 'Chilaw', 1, ''),
(3524, 8, 21, 'Chunnakkam', 1, ''),
(3525, 8, 2, 'Colpetty', 1, ''),
(3526, 8, 32, 'Dhambulla', 1, ''),
(3527, 8, 60, 'Elpitiya', 1, ''),
(3528, 8, 44, 'Embilipitiya', 1, ''),
(3529, 8, 27, 'Galle', 1, ''),
(3530, 8, 24, 'Gampaha', 1, ''),
(3531, 8, 43, 'Gampola', 1, ''),
(3532, 8, 59, 'Ganemulla', 1, ''),
(3533, 8, 8, 'Head Office Branch', 1, ''),
(3534, 8, 34, 'Horana', 1, ''),
(3535, 8, 48, 'Horowpathana', 1, ''),
(3536, 8, 55, 'Ibbagamuwa', 1, ''),
(3537, 8, 14, 'Ja ela', 1, ''),
(3538, 8, 18, 'Jaffna', 1, ''),
(3539, 8, 29, 'Kadawatha', 1, ''),
(3540, 8, 3, 'Kandy', 1, ''),
(3541, 8, 42, 'Kebithigollewa', 1, ''),
(3542, 8, 45, 'Kegalle', 1, ''),
(3543, 8, 47, 'Kekirawa', 1, ''),
(3544, 8, 66, 'Kohuwala', 1, ''),
(3545, 8, 12, 'Kotahena', 1, ''),
(3546, 8, 56, 'Kuliyapitiya', 1, ''),
(3547, 8, 9, 'Kurunegala', 1, ''),
(3548, 8, 52, 'Maharagama', 1, ''),
(3549, 8, 19, 'Mannar', 1, ''),
(3550, 8, 37, 'Marawila', 1, ''),
(3551, 8, 11, 'Matara', 1, ''),
(3552, 8, 53, 'Mathugama', 1, ''),
(3553, 8, 61, 'Medawachchiya', 1, ''),
(3554, 8, 50, 'Minuwangoda', 1, ''),
(3555, 8, 58, 'Moneragala', 1, ''),
(3556, 8, 16, 'Moratuwa', 1, ''),
(3557, 8, 39, 'Narammala', 1, ''),
(3558, 8, 4, 'Nawala', 1, ''),
(3559, 8, 54, 'Nawalapitiya', 1, ''),
(3560, 8, 10, 'Negambo', 1, ''),
(3561, 8, 15, 'Neugegoda', 1, ''),
(3562, 8, 67, 'New Borella', 1, ''),
(3563, 8, 7, 'Old Moor Street', 1, ''),
(3564, 8, 38, 'Panadura', 1, ''),
(3565, 8, 40, 'Pelawatte', 1, ''),
(3566, 8, 6, 'Pettah', 1, ''),
(3567, 8, 57, 'Pilimathalawa', 1, ''),
(3568, 8, 28, 'Piliyandala', 1, ''),
(3569, 8, 64, 'Rajagiriaya', 1, ''),
(3570, 8, 62, 'Ratmalana', 1, ''),
(3571, 8, 30, 'Ratnapura', 1, ''),
(3572, 8, 26, 'Trincomalee', 1, ''),
(3573, 8, 997, 'UB Corporate', 1, ''),
(3574, 8, 1, 'UB Main Office', 1, ''),
(3575, 8, 20, 'Vavuniya', 1, ''),
(3576, 8, 46, 'Warakapola', 1, ''),
(3577, 8, 23, 'Wattala', 1, ''),
(3578, 8, 5, 'Wellawatte', 1, ''),
(3579, 8, 17, 'Wennappuwa', 1, ''),
(3580, 25, 1, 'Head Office', 1, ''),
(3581, 2, 821, 'Dombagahawela', 1, ''),
(3582, 3, 279, 'Katana', 1, ''),
(3583, 6, 1680, 'Kandana', 1, ''),
(3584, 12, 104, 'Wellawaya', 1, '');

-- --------------------------------------------------------

--
-- Table structure for table `brand`
--

CREATE TABLE `brand` (
  `bdid` int(11) NOT NULL COMMENT 'Brand Id',
  `bdcd` varchar(10) NOT NULL COMMENT 'Brand Code',
  `bdnm` varchar(200) DEFAULT NULL COMMENT 'Brand name',
  `stat` int(11) DEFAULT NULL COMMENT '(0-Pending/1-Active/2-Reject/3-Deactive)',
  `remk` text COMMENT 'Remark',
  `crby` int(11) DEFAULT NULL COMMENT 'Created By',
  `crdt` datetime DEFAULT NULL COMMENT 'Created Date',
  `mdby` int(11) DEFAULT NULL COMMENT 'Modify By',
  `mddt` datetime DEFAULT NULL COMMENT 'Modify Date'
) ENGINE=InnoDB DEFAULT CHARSET=utf8;

--
-- Dumping data for table `brand`
--

INSERT INTO `brand` (`bdid`, `bdcd`, `bdnm`, `stat`, `remk`, `crby`, `crdt`, `mdby`, `mddt`) VALUES
(1, 'SMG', 'Samsung', 2, 'Samsung new edition', 1, '2019-09-26 17:47:33', 1, '2019-09-26 18:25:44'),
(2, 'APL', 'Apple', 1, '123', 1, '2019-09-26 18:21:05', 1, '2019-09-26 18:25:39');

-- --------------------------------------------------------

--
-- Table structure for table `brch_mas`
--

CREATE TABLE `brch_mas` (
  `brid` int(10) UNSIGNED NOT NULL,
  `brcd` varchar(10) NOT NULL COMMENT 'code',
  `brnm` varchar(100) NOT NULL COMMENT 'name',
  `brad` text NOT NULL COMMENT 'address',
  `brtp` varchar(50) NOT NULL COMMENT 'telephone',
  `brmb` varchar(50) NOT NULL COMMENT 'mobile',
  `brem` varchar(100) NOT NULL COMMENT 'email',
  `brwb` varchar(100) NOT NULL,
  `stat` int(2) NOT NULL COMMENT '0-pending/1-active/2-tmp disable/3-inactive',
  `brcl` varchar(10) NOT NULL COMMENT 'branch colour code',
  `stdt` varchar(20) NOT NULL COMMENT 'start date',
  `remk` text NOT NULL,
  `crby` int(10) DEFAULT NULL,
  `crdt` datetime DEFAULT NULL,
  `mdby` int(11) DEFAULT NULL,
  `mddt` datetime DEFAULT NULL,
  `apby` int(10) NOT NULL,
  `apdt` datetime NOT NULL
) ENGINE=InnoDB DEFAULT CHARSET=utf8 ROW_FORMAT=COMPACT;

--
-- Dumping data for table `brch_mas`
--

INSERT INTO `brch_mas` (`brid`, `brcd`, `brnm`, `brad`, `brtp`, `brmb`, `brem`, `brwb`, `stat`, `brcl`, `stdt`, `remk`, `crby`, `crdt`, `mdby`, `mddt`, `apby`, `apdt`) VALUES
(1, 'TB', 'Test Branch', 'sample address', '0123456789', '', 'test@gmail.com', '', 1, '#d8ff61', '', '', 1, '2018-06-09 10:05:15', 1, '2019-06-18 12:28:15', 0, '0000-00-00 00:00:00'),
(2, 'GP', 'Gampaha', 'No: 8/01A/02/03, YMBA Road, Gampaha', '0333330044', '0333330044', 'info@purewincredit.c', '', 1, '#37ff6c', '', 'MAIN BRANCH', 2, '2018-06-09 14:48:33', 32, '2019-03-25 15:24:14', 0, '0000-00-00 00:00:00'),
(3, 'XY', 'xyz', 'ffsfsg', '', '3453545434', 'dfgdffghfgh@dgdfg', '', 1, '', '', '', 1, '2019-09-25 12:41:25', 1, '2019-09-25 16:39:17', 1, '2019-09-25 14:34:52'),
(4, 'ND', 'Nadun Kaluarachchi', 'reg dgdfgdfgdf sgdsgdfgdgd', '', '0763152008', 'gemunu@gdcreations.com', '', 3, '', '', 'gdsg dfgdsgdsgds ggd gdgdg', 1, '2019-09-25 14:36:29', NULL, NULL, 0, '0000-00-00 00:00:00');

-- --------------------------------------------------------

--
-- Table structure for table `category`
--

CREATE TABLE `category` (
  `ctid` int(11) NOT NULL COMMENT 'Category Id',
  `ctnm` varchar(200) DEFAULT NULL COMMENT 'Category Name',
  `stat` int(11) DEFAULT NULL COMMENT '(0-Pending/1-Active/2-Reject/3-Deactive)',
  `remk` text COMMENT 'Remark',
  `crby` int(11) DEFAULT NULL COMMENT 'Created By',
  `crdt` datetime DEFAULT NULL COMMENT 'Created Date',
  `mdby` int(11) DEFAULT NULL COMMENT 'Modify By',
  `mddt` datetime DEFAULT NULL COMMENT 'Modify Date'
) ENGINE=InnoDB DEFAULT CHARSET=utf8;

-- --------------------------------------------------------

--
-- Table structure for table `com_det`
--

CREATE TABLE `com_det` (
  `cmid` int(10) UNSIGNED NOT NULL,
  `cmne` varchar(200) NOT NULL COMMENT 'company name',
  `synm` varchar(50) NOT NULL COMMENT 'system name',
  `cadd` text NOT NULL COMMENT 'address',
  `ctel` varchar(50) DEFAULT NULL COMMENT 'tel',
  `ceml` varchar(50) DEFAULT NULL COMMENT 'email',
  `cweb` varchar(200) NOT NULL COMMENT 'website',
  `chot` varchar(50) DEFAULT NULL COMMENT 'hotline',
  `regn` varchar(50) DEFAULT NULL COMMENT 'registration no',
  `regd` date DEFAULT NULL COMMENT 'registration date',
  `ccod` varchar(10) DEFAULT NULL COMMENT 'colour code',
  `rplg` varchar(100) DEFAULT NULL COMMENT 'logo image',
  `cplg` varchar(100) NOT NULL COMMENT 'company logo',
  `owdt` varchar(100) DEFAULT NULL COMMENT 'ownaer details',
  `syln` varchar(200) NOT NULL COMMENT 'system link',
  `wbml` varchar(200) NOT NULL COMMENT 'web mail link',
  `stat` int(2) NOT NULL,
  `rmks` text,
  `crby` int(11) NOT NULL,
  `crdt` datetime NOT NULL,
  `mdby` int(11) NOT NULL,
  `mddt` datetime NOT NULL,
  `syvr` varchar(100) NOT NULL COMMENT 'system version'
) ENGINE=InnoDB DEFAULT CHARSET=utf8 COMMENT='company details';

--
-- Dumping data for table `com_det`
--

INSERT INTO `com_det` (`cmid`, `cmne`, `synm`, `cadd`, `ctel`, `ceml`, `cweb`, `chot`, `regn`, `regd`, `ccod`, `rplg`, `cplg`, `owdt`, `syln`, `wbml`, `stat`, `rmks`, `crby`, `crdt`, `mdby`, `mddt`, `syvr`) VALUES
(1, 'Ci Booya', 'CI BOOYA', 'No: 8/01a/02/03, Ymba Road, Gampaha', '0761234567', 'info@purewin.lk', '', '0771234567', 'PV121427', '2019-09-10', NULL, 'd16eada738c2e10c0f04bc9c3e672fd8.jpg', '667e42d13dbe6f08e246ff873e13c382.jpg', NULL, 'http://bsys.lk/cibooya/', 'http://bsys.lk/cibooya/webmail', 1, NULL, 0, '0000-00-00 00:00:00', 1, '2019-09-26 11:43:50', 'v2.');

-- --------------------------------------------------------

--
-- Table structure for table `item`
--

CREATE TABLE `item` (
  `itid` int(11) NOT NULL,
  `tpid` int(11) NOT NULL COMMENT 'Type Id',
  `ntid` int(11) NOT NULL COMMENT 'Nature type id',
  `strid` int(11) NOT NULL COMMENT 'Store type id',
  `itnm` varchar(200) DEFAULT NULL COMMENT 'Item name',
  `itcd` varchar(45) DEFAULT NULL COMMENT 'Item code',
  `mdl` text COMMENT 'Model',
  `scli` int(11) NOT NULL COMMENT 'Scale (One piece)',
  `size` varchar(200) DEFAULT NULL COMMENT 'Size',
  `clr` varchar(100) DEFAULT 'No Color' COMMENT 'Color',
  `clcd` varchar(45) DEFAULT NULL COMMENT 'Color code',
  `dscr` text,
  `stat` int(11) DEFAULT NULL COMMENT '(0-Pending/1-Active/2-Reject/3-Deactive)',
  `crby` int(11) DEFAULT NULL,
  `crdt` datetime DEFAULT NULL,
  `mdby` int(11) DEFAULT NULL COMMENT 'Modify By',
  `mddt` datetime DEFAULT NULL COMMENT 'Modify Date'
) ENGINE=InnoDB DEFAULT CHARSET=utf8;

-- --------------------------------------------------------

--
-- Table structure for table `item_pics`
--

CREATE TABLE `item_pics` (
  `pcid` int(11) NOT NULL COMMENT 'Picture Id',
  `itid` int(11) NOT NULL,
  `pccd` varchar(50) DEFAULT NULL COMMENT 'Picture Code',
  `stat` int(11) DEFAULT NULL COMMENT '(0-Deactive/1-Active)'
) ENGINE=InnoDB DEFAULT CHARSET=utf8;

-- --------------------------------------------------------

--
-- Table structure for table `nature`
--

CREATE TABLE `nature` (
  `ntid` int(11) NOT NULL COMMENT 'Nature id',
  `ntnm` varchar(200) DEFAULT NULL,
  `stat` int(11) DEFAULT NULL COMMENT '(0-Inactive/1-Active)'
) ENGINE=InnoDB DEFAULT CHARSET=utf8;

-- --------------------------------------------------------

--
-- Table structure for table `scale`
--

CREATE TABLE `scale` (
  `slid` int(11) NOT NULL,
  `scl` varchar(50) DEFAULT NULL,
  `scnm` varchar(50) DEFAULT NULL,
  `stat` int(11) DEFAULT NULL COMMENT '(0-Inactive/1-Active)'
) ENGINE=InnoDB DEFAULT CHARSET=utf8;

-- --------------------------------------------------------

--
-- Table structure for table `stock`
--

CREATE TABLE `stock` (
  `stid` int(11) NOT NULL COMMENT 'Stock id',
  `spid` int(11) NOT NULL COMMENT 'Supplier id',
  `grid` int(11) NOT NULL COMMENT 'GRN id',
  `gdid` int(11) NOT NULL COMMENT 'GRN des id',
  `whid` int(11) NOT NULL COMMENT 'Warehouse id',
  `itid` int(11) NOT NULL COMMENT 'Item id',
  `stcd` varchar(45) DEFAULT NULL COMMENT 'Stock code',
  `untp` double DEFAULT NULL COMMENT 'Unit Price',
  `csvl` double DEFAULT NULL COMMENT 'Cost value',
  `txvl` double DEFAULT NULL COMMENT 'TAX + Cost value',
  `fcvl` double DEFAULT NULL COMMENT 'Face value',
  `slvl` double DEFAULT NULL COMMENT 'Sale value',
  `mkvl` double DEFAULT NULL COMMENT 'Market value',
  `qunt` int(11) DEFAULT NULL COMMENT 'Quantity',
  `frqt` int(11) DEFAULT NULL COMMENT 'Free quantity',
  `avqn` int(11) DEFAULT NULL COMMENT 'Available quantity',
  `blsk` int(11) DEFAULT NULL COMMENT 'Bulk (0-No/1-Yes)',
  `dscr` text COMMENT 'Discription',
  `stat` int(11) DEFAULT NULL COMMENT '(0-Inactive/1-Active/2-Finished)',
  `crby` int(11) DEFAULT NULL COMMENT 'Created by',
  `crdt` datetime DEFAULT NULL COMMENT 'Created date'
) ENGINE=InnoDB DEFAULT CHARSET=utf8;

-- --------------------------------------------------------

--
-- Table structure for table `stock_brn`
--

CREATE TABLE `stock_brn` (
  `stbid` int(11) NOT NULL COMMENT 'Stock Branch id',
  `stfr` int(11) DEFAULT NULL COMMENT 'Stock from (1-Main stock/2-Branch stock)',
  `stid` int(11) NOT NULL COMMENT 'Main stock id',
  `itid` int(11) NOT NULL,
  `brid` int(11) DEFAULT NULL COMMENT 'Branch id',
  `frid` int(11) DEFAULT NULL COMMENT 'Stock from branch id',
  `csvl` double DEFAULT NULL COMMENT 'Cost value',
  `fcvl` double DEFAULT NULL COMMENT 'Face value',
  `slvl` double DEFAULT NULL COMMENT 'Sale value',
  `mkvl` double DEFAULT NULL COMMENT 'Market value',
  `qunt` int(11) DEFAULT NULL COMMENT 'Quantity',
  `avqn` int(11) DEFAULT NULL COMMENT 'Available quantity',
  `dscr` text COMMENT 'Description',
  `stat` int(11) DEFAULT NULL COMMENT '(0-Pending/1-Active/2-Inactive/3-Reject)',
  `crby` int(11) DEFAULT NULL COMMENT 'Created by',
  `crdt` datetime DEFAULT NULL COMMENT 'Created date'
) ENGINE=InnoDB DEFAULT CHARSET=utf8;

-- --------------------------------------------------------

--
-- Table structure for table `stock_brn_sub`
--

CREATE TABLE `stock_brn_sub` (
  `sbsid` int(11) NOT NULL COMMENT 'Stock branch sub id',
  `stbid` int(11) NOT NULL COMMENT 'Stock branch id',
  `stid` int(11) NOT NULL COMMENT 'Main stock id',
  `ssid` int(11) NOT NULL COMMENT 'Main stock sub id',
  `remk` text,
  `stat` int(11) DEFAULT NULL COMMENT '(0-Inactive/1-Active/2-Sold)',
  `trst` int(11) DEFAULT NULL COMMENT 'Transfer (0-No/1-Yes)',
  `crby` int(11) DEFAULT NULL COMMENT 'Created by',
  `crdt` datetime DEFAULT NULL COMMENT 'Created date'
) ENGINE=InnoDB DEFAULT CHARSET=utf8;

-- --------------------------------------------------------

--
-- Table structure for table `stock_grn`
--

CREATE TABLE `stock_grn` (
  `grid` int(11) NOT NULL COMMENT 'GRN Id',
  `spid` int(11) NOT NULL,
  `poid` int(11) NOT NULL,
  `whid` int(11) NOT NULL,
  `grtp` int(11) DEFAULT NULL COMMENT '(0-GRRN/1-GRN)',
  `grno` varchar(45) DEFAULT NULL COMMENT 'GRN Number',
  `grdt` date DEFAULT NULL COMMENT 'GRN date',
  `odqt` int(11) DEFAULT NULL COMMENT 'Order quantity',
  `rcqt` int(11) DEFAULT NULL COMMENT 'Received quantity',
  `frqt` int(11) DEFAULT NULL COMMENT 'Free quantity',
  `rtqt` int(11) DEFAULT NULL COMMENT 'Return quantity',
  `remk` text COMMENT 'Remark',
  `stat` int(11) DEFAULT NULL COMMENT '(0-Pending/1-Active/2-Reject)',
  `crby` int(11) DEFAULT NULL COMMENT 'Created by',
  `crdt` datetime DEFAULT NULL COMMENT 'Created Date'
) ENGINE=InnoDB DEFAULT CHARSET=utf8;

-- --------------------------------------------------------

--
-- Table structure for table `stock_grn_des`
--

CREATE TABLE `stock_grn_des` (
  `gdid` int(11) NOT NULL,
  `grid` int(11) NOT NULL,
  `spid` int(11) NOT NULL,
  `itid` int(11) NOT NULL,
  `odqt` int(11) DEFAULT NULL COMMENT 'Order quantity',
  `qnty` int(11) DEFAULT NULL COMMENT 'Quantity',
  `frqt` int(11) DEFAULT NULL COMMENT 'Free quantity',
  `untp` double DEFAULT NULL COMMENT 'Unit Price',
  `sbvl` double DEFAULT NULL COMMENT 'Sub value',
  `stat` int(11) DEFAULT NULL COMMENT '(0-Inactive/1-Active)',
  `remk` text COMMENT 'Remark'
) ENGINE=InnoDB DEFAULT CHARSET=utf8;

-- --------------------------------------------------------

--
-- Table structure for table `stock_po`
--

CREATE TABLE `stock_po` (
  `poid` int(11) NOT NULL COMMENT 'Purchase Order id',
  `spid` int(11) NOT NULL COMMENT 'Supplier Id',
  `whid` int(11) NOT NULL COMMENT 'Warehouse id',
  `pono` varchar(45) DEFAULT NULL COMMENT 'Purchase Order number',
  `oddt` date DEFAULT NULL COMMENT 'Order Date',
  `sbtl` double DEFAULT NULL COMMENT 'Sub total',
  `vtrt` double DEFAULT NULL COMMENT 'VAT rate %',
  `vtvl` double DEFAULT NULL COMMENT 'VAT value',
  `nbrt` double DEFAULT NULL COMMENT 'NBT rate %',
  `nbvl` double DEFAULT NULL COMMENT 'NBT value',
  `btrt` double DEFAULT NULL COMMENT 'BTT rate %',
  `btvl` double DEFAULT NULL COMMENT 'BTT value',
  `txrt` double DEFAULT NULL COMMENT 'TAX rate %',
  `txvl` double DEFAULT NULL COMMENT 'TAX value',
  `ochg` double DEFAULT NULL COMMENT 'Other charges',
  `dsrt` double DEFAULT NULL COMMENT 'Discount rate %',
  `dsvl` double DEFAULT NULL COMMENT 'Discount value',
  `totl` double DEFAULT NULL COMMENT 'Total value',
  `remk` text COMMENT 'Remark',
  `stat` int(11) DEFAULT NULL COMMENT '(0-Pending/1-Active/2-Reject/3-Deactive)'
) ENGINE=InnoDB DEFAULT CHARSET=utf8;

-- --------------------------------------------------------

--
-- Table structure for table `stock_po_des`
--

CREATE TABLE `stock_po_des` (
  `pdid` int(11) NOT NULL COMMENT 'PO description Id',
  `poid` int(11) NOT NULL,
  `spid` int(11) NOT NULL,
  `itid` int(11) NOT NULL,
  `qnty` int(11) DEFAULT NULL,
  `untp` double DEFAULT NULL COMMENT 'Unit Price',
  `sbvl` double DEFAULT NULL COMMENT 'Sub value',
  `stat` int(11) DEFAULT NULL COMMENT '(0-Invactive/1-Active)'
) ENGINE=InnoDB DEFAULT CHARSET=utf8;

-- --------------------------------------------------------

--
-- Table structure for table `stock_sub`
--

CREATE TABLE `stock_sub` (
  `ssid` int(11) NOT NULL COMMENT 'Stock sub id',
  `stid` int(11) NOT NULL,
  `srno` varchar(50) DEFAULT NULL COMMENT 'Serial Number',
  `btno` varchar(50) DEFAULT NULL COMMENT 'Batch number',
  `prno` varchar(50) DEFAULT NULL COMMENT 'Part number',
  `brcd` varchar(50) DEFAULT NULL COMMENT 'Barcode',
  `abc` varchar(50) DEFAULT NULL,
  `xyz` varchar(50) DEFAULT NULL,
  `remk` text,
  `trst` int(11) DEFAULT NULL COMMENT 'Transfer(0-No/1-Yes)',
  `stat` int(11) DEFAULT NULL COMMENT '(0-Inactive/1-Active/2-Sold)',
  `crby` int(11) DEFAULT NULL COMMENT 'Created By',
  `crdt` datetime DEFAULT NULL COMMENT 'Created date'
) ENGINE=InnoDB DEFAULT CHARSET=utf8;

-- --------------------------------------------------------

--
-- Table structure for table `stock_wh`
--

CREATE TABLE `stock_wh` (
  `whid` int(11) NOT NULL COMMENT 'Warehiuse Id',
  `whcd` varchar(45) DEFAULT NULL COMMENT 'Warehouse Code',
  `whnm` varchar(200) DEFAULT NULL COMMENT 'Warehouse Name',
  `addr` varchar(200) DEFAULT NULL COMMENT 'addr',
  `mobi` varchar(20) DEFAULT NULL COMMENT 'Mobile number',
  `tele` varchar(20) DEFAULT NULL COMMENT 'Telephone Number',
  `email` varchar(100) DEFAULT NULL COMMENT 'Email',
  `dscr` text COMMENT 'Description',
  `stat` int(11) DEFAULT NULL COMMENT '(0-Pending/1-Active/2-Reject/3-Deactive)',
  `crby` int(11) DEFAULT NULL COMMENT 'Created By',
  `crdt` datetime DEFAULT NULL COMMENT 'Created Date',
  `mdby` int(11) DEFAULT NULL COMMENT 'Modify By',
  `mddt` datetime DEFAULT NULL COMMENT 'Modify Date'
) ENGINE=InnoDB DEFAULT CHARSET=utf8;

-- --------------------------------------------------------

--
-- Table structure for table `str_type`
--

CREATE TABLE `str_type` (
  `strid` int(11) NOT NULL COMMENT 'Store type id',
  `stnm` varchar(200) DEFAULT NULL,
  `stat` int(11) DEFAULT NULL COMMENT '(0-Inactive/1-Active)'
) ENGINE=InnoDB DEFAULT CHARSET=utf8;

-- --------------------------------------------------------

--
-- Table structure for table `supp_mas`
--

CREATE TABLE `supp_mas` (
  `spid` int(11) NOT NULL COMMENT 'Supplier Id',
  `spcd` varchar(20) DEFAULT NULL COMMENT 'Supplier Code',
  `spnm` varchar(200) DEFAULT NULL COMMENT 'Supplier Name',
  `addr` text COMMENT 'Address',
  `mbno` varchar(45) DEFAULT NULL COMMENT 'Mobile Number',
  `tele` varchar(45) DEFAULT NULL COMMENT 'Telephone Number',
  `email` varchar(100) DEFAULT NULL COMMENT 'Email Address',
  `dscr` text COMMENT 'Description',
  `stat` int(11) DEFAULT NULL COMMENT '(0-Pending/1-Active/2-Reject/3-Deactive)',
  `crby` int(11) DEFAULT NULL COMMENT 'Created By',
  `crdt` datetime DEFAULT NULL COMMENT 'Created Date',
  `apby` int(11) DEFAULT NULL COMMENT 'Approved By',
  `apdt` datetime DEFAULT NULL COMMENT 'Approved Date',
  `mdby` int(11) DEFAULT NULL COMMENT 'Modify By',
  `mddt` datetime DEFAULT NULL COMMENT 'Modify Date',
  `rjby` int(11) DEFAULT NULL,
  `rjdt` datetime DEFAULT NULL COMMENT 'Rejected Date'
) ENGINE=InnoDB DEFAULT CHARSET=utf8;

--
-- Dumping data for table `supp_mas`
--

INSERT INTO `supp_mas` (`spid`, `spcd`, `spnm`, `addr`, `mbno`, `tele`, `email`, `dscr`, `stat`, `crby`, `crdt`, `apby`, `apdt`, `mdby`, `mddt`, `rjby`, `rjdt`) VALUES
(2, 'S-0003', 'Hathurusinghe PVT (LTD)', 'No 27, Colombo RD, Minuwangoda', '0779156683', '0113107439', 'hathurusinghe@gmail.com', 'First One', 1, 1, '2019-09-19 14:36:55', 1, '2019-09-23 12:09:41', 1, '2019-09-23 12:09:41', NULL, NULL),
(3, 'TMP', 'DAMRO Nawala', '92 Nawala Rd, Nugegoda 11222', '0112822652', '', 'damronawala@gmail.com', '', 2, 1, '2019-09-19 14:45:07', NULL, NULL, 1, '2019-09-23 12:06:03', 1, '2019-09-23 13:03:04'),
(4, 'S-0002', 'DAMRO Nugegoda', '141 High Level Rd, Nugegoda', '0112822651', '', 'damronawala@gmail.com', '', 1, 1, '2019-09-19 14:48:53', 1, '2019-09-23 12:07:28', 1, '2019-09-23 13:10:52', NULL, NULL),
(5, 'S-0001', 'Singer', 'Singer Pluss Gamapha', '0766669010', '0702419301', 'singergampaha@ymail.com', 'Singer Mega / Singer Pluss', 3, 1, '2019-09-20 13:04:08', 1, '2019-09-23 11:22:24', 1, '2019-09-23 13:07:41', NULL, NULL);

-- --------------------------------------------------------

--
-- Table structure for table `sup_bnk_acc`
--

CREATE TABLE `sup_bnk_acc` (
  `acid` int(11) NOT NULL COMMENT 'Account Id',
  `spid` int(11) NOT NULL COMMENT 'Supplier Id',
  `bnid` int(11) NOT NULL COMMENT 'Bank Id',
  `brid` int(11) NOT NULL COMMENT 'Branch Id',
  `acno` varchar(50) DEFAULT NULL COMMENT 'Account Number',
  `dfst` int(11) DEFAULT NULL COMMENT '(0-Not Default/1-Default)',
  `stat` int(11) DEFAULT NULL COMMENT '(0-Deactive/1-Active)'
) ENGINE=InnoDB DEFAULT CHARSET=utf8;

--
-- Dumping data for table `sup_bnk_acc`
--

INSERT INTO `sup_bnk_acc` (`acid`, `spid`, `bnid`, `brid`, `acno`, `dfst`, `stat`) VALUES
(1, 2, 2, 494, '23453455465467', 1, 1),
(2, 3, 2, 494, '123142343535', 1, 1),
(3, 4, 2, 494, '123142343535', 1, 1),
(4, 5, 3, 807, '34354565678', 0, 0),
(5, 5, 3, 894, '6767563245', 1, 1),
(6, 5, 2, 286, '12312321233', 0, 1),
(7, 4, 3, 804, '45665456', 0, 1),
(8, 3, 8, 3540, '3453454657', 0, 1),
(9, 2, 34, 1625, '6575566789', 0, 1),
(10, 2, 4, 3136, '423546556869', 0, 0),
(11, 2, 17, 1257, '12313243535', 0, 1),
(12, 5, 8, 3540, '122435446778', 0, 0),
(13, 5, 10, 2081, '21324353546', 0, 0),
(14, 5, 28, 1528, '2323234556345', 0, 0),
(15, 5, 7, 1332, '1232424356', 0, 0),
(16, 3, 3, 834, '231232434556', 0, 0),
(17, 2, 17, 1256, '2132442342', 0, 0),
(18, 3, 3, 846, '213242523', 0, 0);

-- --------------------------------------------------------

--
-- Table structure for table `sys_policy`
--

CREATE TABLE `sys_policy` (
  `poid` int(10) NOT NULL COMMENT 'auto id',
  `popg` varchar(50) NOT NULL COMMENT 'policy page',
  `ponm` varchar(100) NOT NULL COMMENT 'policy name',
  `pods` varchar(200) NOT NULL COMMENT 'policy Description',
  `pov1` varchar(10) NOT NULL COMMENT 'min',
  `pov2` varchar(10) NOT NULL COMMENT 'max',
  `pov3` varchar(20) NOT NULL COMMENT 'others',
  `post` int(10) NOT NULL COMMENT 'policy (1-enable/0-disable)',
  `remk` varchar(250) NOT NULL COMMENT 'remarks',
  `crby` int(10) NOT NULL COMMENT 'create by',
  `crdt` datetime NOT NULL COMMENT 'create date',
  `mdby` int(10) NOT NULL COMMENT 'modify by',
  `mddt` datetime NOT NULL COMMENT 'modify date',
  `stat` int(10) NOT NULL COMMENT 'statues (0-inac/1-act)'
) ENGINE=InnoDB DEFAULT CHARSET=latin1;

--
-- Dumping data for table `sys_policy`
--

INSERT INTO `sys_policy` (`poid`, `popg`, `ponm`, `pods`, `pov1`, `pov2`, `pov3`, `post`, `remk`, `crby`, `crdt`, `mdby`, `mddt`, `stat`) VALUES
(1, '', 'Digital Eye', 'This policy enable, Login with Digital eye code and policy disable login without code.', '', '', '123456', 0, '0-disable/1-enable', 1, '2018-05-01 00:00:00', 1, '2019-09-26 11:47:36', 1),
(2, '', 'User Register Email', 'This policy enable, User Registration login details automation send to user. If policy disable Not send to email', '', '', '', 1, '0-disable/1-enable', 1, '2018-05-01 00:00:00', 1, '2019-09-26 11:47:36', 1);

-- --------------------------------------------------------

--
-- Table structure for table `type`
--

CREATE TABLE `type` (
  `tpid` int(11) NOT NULL COMMENT 'Type Id',
  `ctid` int(11) NOT NULL COMMENT 'Category Id',
  `bdid` int(11) NOT NULL COMMENT 'Brand Id',
  `tpnm` varchar(200) DEFAULT NULL COMMENT 'Type name',
  `stat` int(11) DEFAULT NULL COMMENT '(0-Pending/1-Active/2-Reject/3-Deactive)',
  `remk` varchar(200) DEFAULT NULL COMMENT 'Remark',
  `crby` int(11) DEFAULT NULL COMMENT 'Created By',
  `crdt` datetime DEFAULT NULL COMMENT 'Created Date',
  `mdby` int(11) DEFAULT NULL COMMENT 'Modify By',
  `mddt` datetime DEFAULT NULL COMMENT 'Modify Date'
) ENGINE=InnoDB DEFAULT CHARSET=utf8;

-- --------------------------------------------------------

--
-- Table structure for table `user_bad_log`
--

CREATE TABLE `user_bad_log` (
  `auid` int(11) NOT NULL,
  `usnm` varchar(20) NOT NULL COMMENT 'user name',
  `pswd` varchar(20) NOT NULL COMMENT 'password',
  `eycd` varchar(10) NOT NULL COMMENT 'digital eye code',
  `lgip` varchar(20) NOT NULL COMMENT 'login ip',
  `lgdt` datetime NOT NULL COMMENT 'login try date',
  `brdt` text NOT NULL COMMENT 'browser ',
  `macd` varchar(20) NOT NULL COMMENT 'mac address'
) ENGINE=InnoDB DEFAULT CHARSET=latin1 COMMENT='user wrong login details';

--
-- Dumping data for table `user_bad_log`
--

INSERT INTO `user_bad_log` (`auid`, `usnm`, `pswd`, `eycd`, `lgip`, `lgdt`, `brdt`, `macd`) VALUES
(1, 'chamara', 'asd@123', '', '::1', '2019-09-24 14:05:51', 'Opera ?', 'FC-AA-14-87-C4-F2'),
(2, 'chamara', 'asd@123', '', '::1', '2019-09-24 14:06:13', 'Opera ?', 'FC-AA-14-87-C4-F2'),
(3, 'chamara', 'asd@123', '', '::1', '2019-09-24 14:17:59', 'Opera ?', 'FC-AA-14-87-C4-F2'),
(4, 'chamara', 'asd@123', '', '::1', '2019-09-24 14:26:42', 'Opera ?', 'FC-AA-14-87-C4-F2'),
(5, 'sd', 'asd@123', '', '127.0.0.1', '2019-09-26 11:47:00', 'Google Chrome 76.0.3809.132', 'A8-1E-84-80-6F-56'),
(6, 'gemu', 'asd@123', '', '127.0.0.1', '2019-09-26 11:53:09', 'Google Chrome 76.0.3809.132', 'A8-1E-84-80-6F-56');

-- --------------------------------------------------------

--
-- Table structure for table `user_level`
--

CREATE TABLE `user_level` (
  `id` int(11) NOT NULL,
  `lvnm` varchar(100) NOT NULL COMMENT 'level',
  `crby` int(5) NOT NULL COMMENT 'create by',
  `crdt` datetime NOT NULL COMMENT 'create date',
  `mdby` int(5) NOT NULL COMMENT 'modify by',
  `modt` datetime DEFAULT NULL COMMENT 'modify date',
  `remk` varchar(200) NOT NULL COMMENT 'remarks',
  `stat` int(11) NOT NULL
) ENGINE=InnoDB DEFAULT CHARSET=latin1;

--
-- Dumping data for table `user_level`
--

INSERT INTO `user_level` (`id`, `lvnm`, `crby`, `crdt`, `mdby`, `modt`, `remk`, `stat`) VALUES
(1, 'Administrator (MIT)', 1, '2017-05-19 00:00:00', 0, '2017-07-24 13:11:32', '', 1),
(2, 'Super Admin', 1, '2017-07-24 13:12:20', 0, '2017-07-24 13:11:32', '', 1),
(3, 'Admin', 1, '2017-08-01 03:14:12', 0, '2017-07-24 13:11:32', '', 1),
(4, 'Branch Manager', 1, '2017-05-22 00:00:00', 0, '2017-07-24 13:11:32', '', 1),
(5, 'Officer Lv1', 1, '2017-08-09 00:00:00', 0, '2018-03-27 16:49:04', '', 1),
(6, 'Cashier Lv1', 1, '2017-10-04 11:02:54', 0, NULL, '', 1),
(7, 'Officer Lv2', 1, '2017-10-04 11:03:25', 0, NULL, '', 1),
(8, 'Cashier Lv2', 1, '2017-10-04 11:04:11', 0, NULL, '', 1),
(9, 'HR Assistant', 1, '2017-10-04 11:05:40', 0, NULL, '', 1),
(10, 'Finance', 1, '2017-10-04 11:06:09', 0, NULL, '', 1);

-- --------------------------------------------------------

--
-- Table structure for table `user_log`
--

CREATE TABLE `user_log` (
  `lid` int(10) NOT NULL COMMENT 'auto id',
  `usid` int(10) NOT NULL COMMENT 'user id',
  `usnm` varchar(100) NOT NULL COMMENT 'user name',
  `pid` int(10) NOT NULL COMMENT 'page id',
  `pcd` varchar(50) NOT NULL COMMENT 'page code',
  `pnm` varchar(100) NOT NULL COMMENT 'page name',
  `func` varchar(100) NOT NULL COMMENT 'activity function',
  `lgdt` datetime NOT NULL COMMENT 'log date/time',
  `stat` int(10) NOT NULL COMMENT 'statues',
  `lgip` varchar(100) NOT NULL COMMENT 'login ip',
  `mcid` text NOT NULL COMMENT 'mac address'
) ENGINE=InnoDB DEFAULT CHARSET=latin1 COMMENT='Recent Activity';

--
-- Dumping data for table `user_log`
--

INSERT INTO `user_log` (`lid`, `usid`, `usnm`, `pid`, `pcd`, `pnm`, `func`, `lgdt`, `stat`, `lgip`, `mcid`) VALUES
(1, 1, 'gdcadmin', 0, '', '', 'User Login --> gdcadmin', '2019-09-18 14:05:22', 1, '127.0.0.1', 'A8-1E-84-80-6F-56'),
(2, 1, 'gdcadmin', 0, '', '', 'User Login --> gdcadmin', '2019-09-18 14:07:58', 1, '127.0.0.1', 'A8-1E-84-80-6F-56'),
(3, 1, 'gdcadmin', 0, '', '', 'User Logout --> gdcadmin', '2019-09-18 14:18:19', 1, '127.0.0.1', 'A8-1E-84-80-6F-56'),
(4, 1, 'gdcadmin', 0, '', '', 'User Login --> gdcadmin', '2019-09-18 14:18:50', 1, '127.0.0.1', 'A8-1E-84-80-6F-56'),
(5, 1, 'gdcadmin', 0, '', '', 'User Logout --> gdcadmin', '2019-09-18 14:18:56', 1, '127.0.0.1', 'A8-1E-84-80-6F-56'),
(6, 1, 'gdcadmin', 0, '', '', 'User Login --> gdcadmin', '2019-09-18 14:19:07', 1, '127.0.0.1', 'A8-1E-84-80-6F-56'),
(7, 1, 'gdcadmin', 0, '', '', 'User Logout --> gdcadmin', '2019-09-18 14:19:10', 1, '127.0.0.1', 'A8-1E-84-80-6F-56'),
(8, 1, 'gdcadmin', 0, '', '', 'User Login --> gdcadmin', '2019-09-18 14:19:31', 1, '127.0.0.1', 'A8-1E-84-80-6F-56'),
(9, 1, 'gdcadmin', 0, '', '', 'User Logout --> gdcadmin', '2019-09-18 14:19:34', 1, '127.0.0.1', 'A8-1E-84-80-6F-56'),
(10, 1, 'gdcadmin', 0, '', '', 'User Login --> gdcadmin', '2019-09-18 14:19:42', 1, '127.0.0.1', 'A8-1E-84-80-6F-56'),
(11, 1, 'gdcadmin', 0, '', '', 'User Logout --> gdcadmin', '2019-09-18 14:21:04', 1, '127.0.0.1', 'A8-1E-84-80-6F-56'),
(12, 1, 'gdcadmin', 0, '', '', 'User Login --> gdcadmin', '2019-09-18 14:21:17', 1, '127.0.0.1', 'A8-1E-84-80-6F-56'),
(13, 1, 'gdcadmin', 0, '', '', 'User Logout --> gdcadmin', '2019-09-18 14:21:19', 1, '127.0.0.1', 'A8-1E-84-80-6F-56'),
(14, 1, 'gdcadmin', 0, '', '', 'User Login --> gdcadmin', '2019-09-18 14:21:27', 1, '127.0.0.1', 'A8-1E-84-80-6F-56'),
(15, 1, 'gdcadmin', 0, '', '', 'User Logout --> gdcadmin', '2019-09-18 14:21:32', 1, '127.0.0.1', 'A8-1E-84-80-6F-56'),
(16, 1, 'gdcadmin', 0, '', '', 'User Login --> gdcadmin', '2019-09-18 14:35:35', 1, '127.0.0.1', 'A8-1E-84-80-6F-56'),
(17, 1, 'gdcadmin', 0, '', '', 'User Logout --> gdcadmin', '2019-09-18 14:35:41', 1, '127.0.0.1', 'A8-1E-84-80-6F-56'),
(18, 1, 'gdcadmin', 0, '', '', 'User Login --> gdcadmin', '2019-09-18 14:35:44', 1, '127.0.0.1', 'A8-1E-84-80-6F-56'),
(19, 1, 'gdcadmin', 0, '', '', 'User Logout --> gdcadmin', '2019-09-18 14:35:54', 1, '127.0.0.1', 'A8-1E-84-80-6F-56'),
(20, 1, 'gdcadmin', 0, '', '', 'User Login --> gdcadmin', '2019-09-18 14:35:56', 1, '127.0.0.1', 'A8-1E-84-80-6F-56'),
(21, 1, 'gdcadmin', 0, '', '', 'User Logout --> gdcadmin', '2019-09-18 15:43:11', 1, '127.0.0.1', 'A8-1E-84-80-6F-56'),
(22, 1, 'gdcadmin', 0, '', '', 'User Login --> gdcadmin', '2019-09-18 15:43:14', 1, '127.0.0.1', 'A8-1E-84-80-6F-56'),
(23, 1, 'gdcadmin', 0, '', '', 'User Logout --> gdcadmin', '2019-09-18 15:56:40', 1, '127.0.0.1', 'A8-1E-84-80-6F-56'),
(24, 1, 'gdcadmin', 0, '', '', 'User Login --> gdcadmin', '2019-09-18 16:05:39', 1, '127.0.0.1', 'A8-1E-84-80-6F-56'),
(25, 1, 'gdcadmin', 0, '', '', 'User Login --> gdcadmin', '2019-09-18 16:43:46', 1, '127.0.0.1', 'A8-1E-84-80-6F-56'),
(26, 1, 'gdcadmin', 0, '', '', 'User Login --> gdcadmin', '2019-09-18 16:43:47', 1, '127.0.0.1', 'A8-1E-84-80-6F-56'),
(27, 1, 'gdcadmin', 0, '', '', 'User Login --> gdcadmin', '2019-09-18 16:45:57', 1, '127.0.0.1', 'A8-1E-84-80-6F-56'),
(28, 1, 'gdcadmin', 0, '', '', 'User Login --> gdcadmin', '2019-09-18 16:46:37', 1, '127.0.0.1', 'A8-1E-84-80-6F-56'),
(29, 1, 'gdcadmin', 0, '', '', 'User Login --> gdcadmin', '2019-09-18 16:47:47', 1, '127.0.0.1', 'A8-1E-84-80-6F-56'),
(30, 1, 'gdcadmin', 0, '', '', 'User Login --> gdcadmin', '2019-09-18 16:48:28', 1, '127.0.0.1', 'A8-1E-84-80-6F-56'),
(31, 1, 'gdcadmin', 0, '', '', 'User Login --> gdcadmin', '2019-09-18 16:53:32', 1, '127.0.0.1', 'A8-1E-84-80-6F-56'),
(32, 1, 'gdcadmin', 0, '', '', 'User Login --> gdcadmin', '2019-09-18 16:53:35', 1, '127.0.0.1', 'A8-1E-84-80-6F-56'),
(33, 1, 'gdcadmin', 0, '', '', 'User Login --> gdcadmin', '2019-09-18 16:53:36', 1, '127.0.0.1', 'A8-1E-84-80-6F-56'),
(34, 1, 'gdcadmin', 0, '', '', 'User Login --> gdcadmin', '2019-09-18 16:53:38', 1, '127.0.0.1', 'A8-1E-84-80-6F-56'),
(35, 1, 'gdcadmin', 0, '', '', 'User Login --> gdcadmin', '2019-09-18 16:53:38', 1, '127.0.0.1', 'A8-1E-84-80-6F-56'),
(36, 1, 'gdcadmin', 0, '', '', 'User Login --> gdcadmin', '2019-09-18 16:53:39', 1, '127.0.0.1', 'A8-1E-84-80-6F-56'),
(37, 1, 'gdcadmin', 0, '', '', 'User Login --> gdcadmin', '2019-09-18 16:53:41', 1, '127.0.0.1', 'A8-1E-84-80-6F-56'),
(38, 1, 'gdcadmin', 0, '', '', 'User Login --> gdcadmin', '2019-09-18 16:59:38', 1, '127.0.0.1', 'A8-1E-84-80-6F-56'),
(39, 1, 'gdcadmin', 0, '', '', 'User Login --> gdcadmin', '2019-09-18 16:59:40', 1, '127.0.0.1', 'A8-1E-84-80-6F-56'),
(40, 1, 'gdcadmin', 0, '', '', 'User Login --> gdcadmin', '2019-09-18 16:59:41', 1, '127.0.0.1', 'A8-1E-84-80-6F-56'),
(41, 1, 'gdcadmin', 0, '', '', 'User Login --> gdcadmin', '2019-09-18 17:01:08', 1, '127.0.0.1', 'A8-1E-84-80-6F-56'),
(42, 1, 'gdcadmin', 0, '', '', 'User Login --> gdcadmin', '2019-09-18 17:01:09', 1, '127.0.0.1', 'A8-1E-84-80-6F-56'),
(43, 1, 'gdcadmin', 0, '', '', 'User Login --> gdcadmin', '2019-09-18 17:01:10', 1, '127.0.0.1', 'A8-1E-84-80-6F-56'),
(44, 1, 'gdcadmin', 0, '', '', 'User Login --> gdcadmin', '2019-09-18 17:01:11', 1, '127.0.0.1', 'A8-1E-84-80-6F-56'),
(45, 1, 'gdcadmin', 0, '', '', 'User Login --> gdcadmin', '2019-09-18 17:01:12', 1, '127.0.0.1', 'A8-1E-84-80-6F-56'),
(46, 1, 'gdcadmin', 0, '', '', 'User Login --> gdcadmin', '2019-09-18 17:01:39', 1, '127.0.0.1', 'A8-1E-84-80-6F-56'),
(47, 1, 'gdcadmin', 0, '', '', 'User Login --> gdcadmin', '2019-09-18 17:02:42', 1, '127.0.0.1', 'A8-1E-84-80-6F-56'),
(48, 1, 'gdcadmin', 0, '', '', 'User Logout --> gdcadmin', '2019-09-18 17:03:01', 1, '127.0.0.1', 'A8-1E-84-80-6F-56'),
(49, 1, 'gdcadmin', 0, '', '', 'User Login --> gdcadmin', '2019-09-18 17:03:12', 1, '127.0.0.1', 'A8-1E-84-80-6F-56'),
(50, 1, 'gdcadmin', 0, '', '', 'User Logout --> gdcadmin', '2019-09-18 17:18:07', 1, '127.0.0.1', 'A8-1E-84-80-6F-56'),
(51, 1, 'gdcadmin', 0, '', '', 'User Login --> gdcadmin', '2019-09-18 17:18:51', 1, '127.0.0.1', 'A8-1E-84-80-6F-56'),
(52, 1, 'gdcadmin', 0, '', '', 'User Login --> gdcadmin', '2019-09-18 18:05:11', 1, '::1', 'FC-AA-14-87-C4-F2'),
(53, 1, 'gdcadmin', 0, '', '', 'User Login --> gdcadmin', '2019-09-19 09:39:17', 1, '::1', 'FC-AA-14-87-C4-F2'),
(54, 1, 'gdcadmin', 0, '', '', 'User Login --> gdcadmin', '2019-09-20 09:00:08', 1, '::1', 'FC-AA-14-87-C4-F2'),
(55, 1, 'gdcadmin', 0, '', '', 'User Login --> gdcadmin', '2019-09-23 09:51:58', 1, '::1', 'FC-AA-14-87-C4-F2'),
(56, 1, 'gdcadmin', 0, '', '', 'User Logout --> gdcadmin', '2019-09-23 09:52:26', 1, '::1', 'FC-AA-14-87-C4-F2'),
(57, 1, 'gdcadmin', 0, '', '', 'User Login --> gdcadmin', '2019-09-23 09:52:34', 1, '::1', 'FC-AA-14-87-C4-F2'),
(58, 1, 'MIT', 6, 'permis', 'Permission Management', 'Normal Permission Update (Admin)', '2019-09-23 17:53:54', 1, '::1', 'FC-AA-14-87-C4-F2'),
(59, 1, 'MIT', 6, 'permis', 'Permission Management', 'Normal Permission Update (Admin)', '2019-09-23 17:54:09', 1, '::1', 'FC-AA-14-87-C4-F2'),
(60, 1, 'MIT', 6, 'permis', 'Permission Management', 'Advance permission Update (Admin)', '2019-09-23 18:12:00', 1, '::1', 'FC-AA-14-87-C4-F2'),
(61, 1, 'MIT', 6, 'permis', 'Permission Management', 'Special permission Update', '2019-09-23 18:12:08', 1, '::1', 'FC-AA-14-87-C4-F2'),
(62, 1, 'MIT', 6, 'permis', 'Permission Management', 'Module permission Update', '2019-09-23 18:12:16', 1, '::1', 'FC-AA-14-87-C4-F2'),
(63, 1, 'gdcadmin', 0, '', '', 'User Login --> gdcadmin', '2019-09-24 08:58:43', 1, '::1', 'FC-AA-14-87-C4-F2'),
(64, 1, 'gdcadmin', 0, '', '', 'User Login --> gdcadmin', '2019-09-24 11:12:23', 1, '192.168.1.4', 'FC-AA-14-87-C4-F2'),
(65, 1, 'MIT', 6, 'permis', 'Permission Management', 'Normal Permission Update (Admin)', '2019-09-24 11:23:06', 1, '192.168.1.4', 'FC-AA-14-87-C4-F2'),
(66, 1, 'MIT', 6, 'permis', 'Permission Management', 'Module permission Update', '2019-09-24 11:24:33', 1, '192.168.1.4', 'FC-AA-14-87-C4-F2'),
(67, 1, 'MIT', 6, 'permis', 'Permission Management', 'Special permission Update', '2019-09-24 11:24:37', 1, '192.168.1.4', 'FC-AA-14-87-C4-F2'),
(68, 1, 'MIT', 6, 'permis', 'Permission Management', 'Special permission Update', '2019-09-24 11:24:41', 1, '192.168.1.4', 'FC-AA-14-87-C4-F2'),
(69, 1, 'MIT', 6, 'permis', 'Permission Management', 'Advance permission Update (Admin)', '2019-09-24 11:24:45', 1, '192.168.1.4', 'FC-AA-14-87-C4-F2'),
(70, 1, 'MIT', 6, 'permis', 'Permission Management', 'Special permission Update', '2019-09-24 12:06:33', 1, '::1', 'FC-AA-14-87-C4-F2'),
(71, 1, 'MIT', 6, 'permis', 'Permission Management', 'Normal Permission Update (Admin)', '2019-09-24 12:58:35', 1, '::1', 'FC-AA-14-87-C4-F2'),
(72, 1, 'MIT', 6, 'permis', 'Permission Management', 'Normal Permission Update (Admin)', '2019-09-24 12:58:42', 1, '::1', 'FC-AA-14-87-C4-F2'),
(73, 1, 'MIT', 6, 'permis', 'Permission Management', 'Normal Permission Update (Admin)', '2019-09-24 12:59:27', 1, '::1', 'FC-AA-14-87-C4-F2'),
(74, 1, 'MIT', 6, 'permis', 'Permission Management', 'Normal Permission Update (Admin)', '2019-09-24 12:59:48', 1, '::1', 'FC-AA-14-87-C4-F2'),
(75, 1, 'MIT', 6, 'permis', 'Permission Management', 'Normal Permission Update (Admin)', '2019-09-24 13:44:44', 1, '::1', 'FC-AA-14-87-C4-F2'),
(76, 1, 'MIT', 6, 'permis', 'Permission Management', 'Normal Permission Update (Admin)', '2019-09-24 13:45:07', 1, '::1', 'FC-AA-14-87-C4-F2'),
(77, 3, 'chamara', 0, '', '', 'User Login --> chamara', '2019-09-24 14:23:01', 1, '::1', 'FC-AA-14-87-C4-F2'),
(78, 3, 'chamara', 0, '', '', 'User Logout --> chamara', '2019-09-24 14:24:36', 1, '::1', 'FC-AA-14-87-C4-F2'),
(79, 3, 'chamara', 0, '', '', 'User Login --> chamara', '2019-09-24 14:24:41', 1, '::1', 'FC-AA-14-87-C4-F2'),
(80, 3, 'chamara', 0, '', '', 'User Logout --> chamara', '2019-09-24 14:26:33', 1, '::1', 'FC-AA-14-87-C4-F2'),
(81, 3, 'chamara', 0, '', '', 'User Login --> chamara', '2019-09-24 14:26:54', 1, '::1', 'FC-AA-14-87-C4-F2'),
(82, 1, 'MIT', 6, 'permis', 'Permission Management', 'Page Added (7) To (0)', '2019-09-24 14:59:06', 1, '::1', 'FC-AA-14-87-C4-F2'),
(83, 1, 'MIT', 6, 'permis', 'Permission Management', 'Normal Permission Updated (Branch Manager)', '2019-09-24 14:59:22', 1, '::1', 'FC-AA-14-87-C4-F2'),
(84, 1, 'MIT', 6, 'permis', 'Permission Management', 'Normal Permission Updated (Branch Manager)', '2019-09-24 15:12:37', 1, '::1', 'FC-AA-14-87-C4-F2'),
(85, 1, 'MIT', 6, 'permis', 'Permission Management', 'Special permission Updated', '2019-09-24 15:13:30', 1, '::1', 'FC-AA-14-87-C4-F2'),
(86, 1, 'MIT', 6, 'permis', 'Permission Management', 'Special permission Updated', '2019-09-24 15:13:53', 1, '::1', 'FC-AA-14-87-C4-F2'),
(87, 1, 'MIT', 6, 'permis', 'Permission Management', 'Page Added () To (0)', '2019-09-24 15:15:16', 1, '::1', 'FC-AA-14-87-C4-F2'),
(88, 1, 'MIT', 6, 'permis', 'Permission Management', 'Master Permission Updated (Branch Manager)', '2019-09-24 15:15:23', 1, '::1', 'FC-AA-14-87-C4-F2'),
(89, 1, 'MIT', 6, 'permis', 'Permission Management', 'Master Permission Updated (Branch Manager)', '2019-09-24 15:17:32', 1, '::1', 'FC-AA-14-87-C4-F2'),
(90, 1, 'MIT', 6, 'permis', 'Permission Management', 'Master Permission Updated (Branch Manager)', '2019-09-24 15:23:05', 1, '::1', 'FC-AA-14-87-C4-F2'),
(91, 1, 'MIT', 6, 'permis', 'Permission Management', 'Master Permission Updated (Branch Manager)', '2019-09-24 15:28:32', 1, '::1', 'FC-AA-14-87-C4-F2'),
(92, 1, 'gdcadmin', 0, '', '', 'User Login --> gdcadmin', '2019-09-25 10:03:59', 1, '127.0.0.1', 'A8-1E-84-80-6F-56'),
(93, 1, 'gdcadmin', 0, '', '', 'User Login --> gdcadmin', '2019-09-25 11:51:17', 1, '127.0.0.1', 'A8-1E-84-80-6F-56'),
(94, 1, 'MIT', 3, 'branding', 'Company Details', 'Company Details Updated', '2019-09-25 12:10:26', 1, '127.0.0.1', 'A8-1E-84-80-6F-56'),
(95, 1, 'MIT', 3, 'branding', 'Company Details', 'Company Details Updated', '2019-09-25 12:11:02', 1, '127.0.0.1', 'A8-1E-84-80-6F-56'),
(96, 1, 'MIT', 3, 'branding', 'Company Details', 'Company Details Updated', '2019-09-25 12:11:44', 1, '127.0.0.1', 'A8-1E-84-80-6F-56'),
(97, 1, 'MIT', 9, 'sysBrnc', 'Branch Management', 'New Branch Added (ab)', '2019-09-25 12:41:25', 1, '127.0.0.1', 'A8-1E-84-80-6F-56'),
(98, 1, 'gdcadmin', 0, '', '', 'User Login --> gdcadmin', '2019-09-25 13:08:49', 1, '127.0.0.1', 'A8-1E-84-80-6F-56'),
(99, 1, 'MIT', 9, 'sysBrnc', 'Branch Management', 'Branch Updated ()', '2019-09-25 14:26:10', 1, '127.0.0.1', 'A8-1E-84-80-6F-56'),
(100, 1, 'MIT', 9, 'sysBrnc', 'Branch Management', 'Branch Updated ()', '2019-09-25 14:28:04', 1, '127.0.0.1', 'A8-1E-84-80-6F-56'),
(101, 1, 'MIT', 9, 'sysBrnc', 'Branch Management', 'Branch Updated ()', '2019-09-25 14:31:10', 1, '127.0.0.1', 'A8-1E-84-80-6F-56'),
(102, 1, 'MIT', 9, 'sysBrnc', 'Branch Management', 'Branch Approved (XY)', '2019-09-25 14:34:52', 1, '127.0.0.1', 'A8-1E-84-80-6F-56'),
(103, 1, 'MIT', 9, 'sysBrnc', 'Branch Management', 'New Branch Added (ND)', '2019-09-25 14:36:29', 1, '127.0.0.1', 'A8-1E-84-80-6F-56'),
(104, 1, 'MIT', 9, 'sysBrnc', 'Branch Management', 'Branch Rejected (4)', '2019-09-25 15:35:32', 1, '127.0.0.1', 'A8-1E-84-80-6F-56'),
(105, 1, 'MIT', 9, 'sysBrnc', 'Branch Management', 'Branch Deactivated (3)', '2019-09-25 15:35:45', 1, '127.0.0.1', 'A8-1E-84-80-6F-56'),
(106, 1, 'MIT', 9, 'sysBrnc', 'Branch Management', 'Branch Reactivated (3)', '2019-09-25 15:38:12', 1, '127.0.0.1', 'A8-1E-84-80-6F-56'),
(107, 1, 'MIT', 9, 'sysBrnc', 'Branch Management', 'Branch Deactivated (3)', '2019-09-25 15:38:19', 1, '127.0.0.1', 'A8-1E-84-80-6F-56'),
(108, 1, 'MIT', 9, 'sysBrnc', 'Branch Management', 'Branch Reactivated (3)', '2019-09-25 16:39:17', 1, '127.0.0.1', 'A8-1E-84-80-6F-56'),
(109, 1, 'gdcadmin', 0, '', '', 'User Login --> gdcadmin', '2019-09-26 09:23:48', 1, '127.0.0.1', 'A8-1E-84-80-6F-56'),
(110, 1, 'MIT', 3, 'branding', 'Company Details', 'Company Details Updated', '2019-09-26 09:31:53', 1, '127.0.0.1', 'A8-1E-84-80-6F-56'),
(111, 1, 'MIT', 10, 'usrMng', 'User Management', 'New User Added (GEMU)', '2019-09-26 10:51:30', 1, '127.0.0.1', 'A8-1E-84-80-6F-56'),
(112, 1, 'MIT', 4, 'policyMng', 'Policy Management', 'System Policy Updated', '2019-09-26 10:55:25', 1, '127.0.0.1', 'A8-1E-84-80-6F-56'),
(113, 1, 'MIT', 10, 'usrMng', 'User Management', 'New User Added (aaa)', '2019-09-26 10:58:18', 1, '127.0.0.1', 'A8-1E-84-80-6F-56'),
(114, 1, 'MIT', 4, 'policyMng', 'Policy Management', 'System Policy Updated', '2019-09-26 11:07:06', 1, '127.0.0.1', 'A8-1E-84-80-6F-56'),
(115, 1, 'MIT', 4, 'policyMng', 'Policy Management', 'System Policy Updated', '2019-09-26 11:07:09', 1, '127.0.0.1', 'A8-1E-84-80-6F-56'),
(116, 1, 'MIT', 4, 'policyMng', 'Policy Management', 'System Policy Updated', '2019-09-26 11:07:14', 1, '127.0.0.1', 'A8-1E-84-80-6F-56'),
(117, 1, 'MIT', 4, 'policyMng', 'Policy Management', 'System Policy Updated', '2019-09-26 11:07:24', 1, '127.0.0.1', 'A8-1E-84-80-6F-56'),
(118, 1, 'MIT', 4, 'policyMng', 'Policy Management', 'System Policy Updated', '2019-09-26 11:31:08', 1, '127.0.0.1', 'A8-1E-84-80-6F-56'),
(119, 1, 'MIT', 4, 'policyMng', 'Policy Management', 'System Policy Updated', '2019-09-26 11:31:19', 1, '127.0.0.1', 'A8-1E-84-80-6F-56'),
(120, 1, 'MIT', 10, 'usrMng', 'User Management', 'New User Added (sd)', '2019-09-26 11:40:18', 1, '127.0.0.1', 'A8-1E-84-80-6F-56'),
(121, 1, 'MIT', 10, 'usrMng', 'User Management', 'New User Added (sd)', '2019-09-26 11:40:43', 1, '127.0.0.1', 'A8-1E-84-80-6F-56'),
(122, 1, 'MIT', 10, 'usrMng', 'User Management', 'New User Added (sd)', '2019-09-26 11:41:17', 1, '127.0.0.1', 'A8-1E-84-80-6F-56'),
(123, 1, 'MIT', 3, 'branding', 'Company Details', 'Company Details Updated', '2019-09-26 11:43:50', 1, '127.0.0.1', 'A8-1E-84-80-6F-56'),
(124, 1, 'MIT', 10, 'usrMng', 'User Management', 'New User Added (sd)', '2019-09-26 11:44:07', 1, '127.0.0.1', 'A8-1E-84-80-6F-56'),
(125, 1, 'MIT', 4, 'policyMng', 'Policy Management', 'System Policy Updated', '2019-09-26 11:45:13', 1, '127.0.0.1', 'A8-1E-84-80-6F-56'),
(126, 1, 'MIT', 10, 'usrMng', 'User Management', 'New User Added (sd)', '2019-09-26 11:45:28', 1, '127.0.0.1', 'A8-1E-84-80-6F-56'),
(127, 1, 'MIT', 4, 'policyMng', 'Policy Management', 'System Policy Updated', '2019-09-26 11:47:36', 1, '127.0.0.1', 'A8-1E-84-80-6F-56'),
(128, 1, 'MIT', 10, 'usrMng', 'User Management', 'New User Added (gamu)', '2019-09-26 11:47:48', 1, '127.0.0.1', 'A8-1E-84-80-6F-56'),
(129, 11, 'gamu', 0, '', '', 'User Login --> gamu', '2019-09-26 11:48:11', 1, '127.0.0.1', 'A8-1E-84-80-6F-56'),
(130, 11, 'gamu', 0, '', '', 'User Logout --> gamu', '2019-09-26 11:53:01', 1, '127.0.0.1', 'A8-1E-84-80-6F-56'),
(131, 11, 'gamu', 0, '', '', 'User Login --> gamu', '2019-09-26 11:53:25', 1, '127.0.0.1', 'A8-1E-84-80-6F-56'),
(132, 11, 'gamu', 0, '', '', 'User Logout --> gamu', '2019-09-26 11:53:54', 1, '127.0.0.1', 'A8-1E-84-80-6F-56'),
(133, 11, 'gamu', 0, '', '', 'User Login --> gamu', '2019-09-26 11:54:00', 1, '127.0.0.1', 'A8-1E-84-80-6F-56'),
(134, 11, 'gamu', 0, '', '', 'User Logout --> gamu', '2019-09-26 11:54:06', 1, '127.0.0.1', 'A8-1E-84-80-6F-56'),
(135, 1, 'MIT', 10, 'usrMng', 'User Management', 'New User Added (gemu)', '2019-09-26 11:58:32', 1, '127.0.0.1', 'A8-1E-84-80-6F-56'),
(136, 1, 'MIT', 10, 'usrMng', 'User Management', 'User Updated (gemu12)', '2019-09-26 12:58:45', 1, '127.0.0.1', 'A8-1E-84-80-6F-56'),
(137, 1, 'MIT', 10, 'usrMng', 'User Management', 'User Updated (gemu12)', '2019-09-26 12:59:51', 1, '127.0.0.1', 'A8-1E-84-80-6F-56'),
(138, 1, 'MIT', 10, 'usrMng', 'User Management', 'User Updated (gemu12)', '2019-09-26 12:59:59', 1, '127.0.0.1', 'A8-1E-84-80-6F-56'),
(139, 1, 'MIT', 10, 'usrMng', 'User Management', 'User Deactivated (4)', '2019-09-26 13:11:11', 1, '127.0.0.1', 'A8-1E-84-80-6F-56'),
(140, 1, 'MIT', 10, 'usrMng', 'User Management', 'User Reactivated (4)', '2019-09-26 13:11:40', 1, '127.0.0.1', 'A8-1E-84-80-6F-56'),
(141, 1, 'MIT', 10, 'usrMng', 'User Management', 'User Deactivated (4)', '2019-09-26 13:12:04', 1, '127.0.0.1', 'A8-1E-84-80-6F-56'),
(142, 1, 'MIT', 10, 'usrMng', 'User Management', 'User Reactivated (4)', '2019-09-26 13:12:08', 1, '127.0.0.1', 'A8-1E-84-80-6F-56'),
(143, 1, 'MIT', 10, 'usrMng', 'User Management', 'User Updated (gemu12)', '2019-09-26 13:21:28', 1, '127.0.0.1', 'A8-1E-84-80-6F-56'),
(144, 1, 'MIT', 10, 'usrMng', 'User Management', 'User Deactivated (4)', '2019-09-26 14:02:43', 1, '127.0.0.1', 'A8-1E-84-80-6F-56'),
(145, 1, 'MIT', 10, 'usrMng', 'User Management', 'User Reactivated (4)', '2019-09-26 14:02:46', 1, '127.0.0.1', 'A8-1E-84-80-6F-56');

-- --------------------------------------------------------

--
-- Table structure for table `user_mas`
--

CREATE TABLE `user_mas` (
  `auid` int(10) UNSIGNED NOT NULL,
  `brch` int(10) NOT NULL COMMENT 'branch id',
  `usmd` int(2) NOT NULL COMMENT 'User Mode / level',
  `prmd` int(2) NOT NULL COMMENT 'permision mode (0-default/1-manuel)',
  `usnm` varchar(20) NOT NULL,
  `lgps` varchar(200) NOT NULL,
  `funm` varchar(150) NOT NULL COMMENT ' full name',
  `innm` varchar(100) NOT NULL COMMENT 'Initial Name ',
  `fnme` varchar(100) NOT NULL,
  `lnme` varchar(100) NOT NULL,
  `desg` varchar(50) NOT NULL COMMENT 'position',
  `acst` int(2) NOT NULL COMMENT 'Account Status (Account Lock Status 0 to 3 times)',
  `emid` varchar(100) NOT NULL COMMENT 'Email Address',
  `unic` varchar(20) DEFAULT NULL COMMENT 'nic',
  `tpno` varchar(50) NOT NULL COMMENT 'tel no',
  `almo` varchar(50) NOT NULL COMMENT 'alert no',
  `udob` date DEFAULT NULL COMMENT 'date of birth',
  `gend` int(2) NOT NULL COMMENT 'user gender',
  `civl` int(10) NOT NULL COMMENT 'user civil statues',
  `uimg` varchar(100) NOT NULL COMMENT 'user profile image',
  `stat` int(2) NOT NULL COMMENT '0-inactive/1-active/2-tmp disable',
  `delc` int(10) NOT NULL COMMENT 'Day end locked(0-normal/1-locked)',
  `crby` int(10) NOT NULL,
  `crdt` datetime NOT NULL,
  `mdby` int(10) DEFAULT NULL,
  `mddt` datetime DEFAULT NULL,
  `tmby` int(10) DEFAULT NULL COMMENT 'terminated by',
  `tmdt` datetime DEFAULT NULL COMMENT 'terminated date',
  `tmrs` text COMMENT 'term reason',
  `llip` varchar(100) DEFAULT NULL COMMENT 'Last Logingn IP',
  `lldt` datetime DEFAULT NULL COMMENT 'Last Loging Date and Time',
  `lgcd` int(10) DEFAULT NULL COMMENT 'login code',
  `upby` int(2) DEFAULT NULL COMMENT 'password change by',
  `updt` datetime NOT NULL COMMENT 'change date time',
  `pwxp` date NOT NULL COMMENT 'Password Exp Date',
  `islg` int(5) NOT NULL COMMENT 'current log(1-in/0-out)',
  `fslg` int(10) NOT NULL COMMENT 'if first login (0-No/1-Yes)'
) ENGINE=InnoDB DEFAULT CHARSET=utf8;

--
-- Dumping data for table `user_mas`
--

INSERT INTO `user_mas` (`auid`, `brch`, `usmd`, `prmd`, `usnm`, `lgps`, `funm`, `innm`, `fnme`, `lnme`, `desg`, `acst`, `emid`, `unic`, `tpno`, `almo`, `udob`, `gend`, `civl`, `uimg`, `stat`, `delc`, `crby`, `crdt`, `mdby`, `mddt`, `tmby`, `tmdt`, `tmrs`, `llip`, `lldt`, `lgcd`, `upby`, `updt`, `pwxp`, `islg`, `fslg`) VALUES
(1, 1, 1, 0, 'gdcadmin', '$2y$10$KgBH6wkYF0/B1GF/dyvuxukPt/nObT9mzNmrf84SjJJM9IUD1RBfC', '', '', 'MIT', 'admin', '', 0, '', NULL, '', '', NULL, 1, 0, 'user_default.png', 1, 0, 0, '0000-00-00 00:00:00', NULL, NULL, NULL, NULL, NULL, NULL, '2019-09-26 09:23:48', NULL, NULL, '0000-00-00 00:00:00', '0000-00-00', 1, 0),
(2, 2, 2, 0, 'chathuri', '$2y$10$KgBH6wkYF0/B1GF/dyvuxukPt/nObT9mzNmrf84SjJJM9IUD1RBfC', '', '', 'Chathuri', 'Rajapaksha', '', 0, 'chathurajapaksha1993@gmail.com', '937220510V', '0337917968', '0770210115', '1993-08-09', 2, 0, 'user_default.png', 1, 0, 1, '2018-06-09 11:08:52', NULL, NULL, NULL, NULL, NULL, NULL, '2018-10-09 15:56:24', 123456, NULL, '0000-00-00 00:00:00', '0000-00-00', 1, 0),
(3, 2, 4, 0, 'chamara', '$2y$10$KgBH6wkYF0/B1GF/dyvuxukPt/nObT9mzNmrf84SjJJM9IUD1RBfC', '', '', 'Chamara', 'Dodawaththa', '', 0, 'indrajithchamara4@gmail.com', '833173847V', '0763163325', '0763163324', '1983-11-12', 1, 0, 'user_default.png', 1, 0, 2, '2018-06-09 15:32:25', NULL, NULL, NULL, NULL, NULL, NULL, '2019-09-24 14:26:54', NULL, 4, '2019-03-23 21:33:23', '0000-00-00', 1, 0),
(4, 2, 2, 1, 'gemu12', '$2y$10$KgBH6wkYF0/B1GF/dyvuxukPt/nObT9mzNmrf84SjJJM9IUD1RBfC', '', '', 'gemunu12', 'udaya12', '', 0, 'gemunu@gdcreations.com12', '932300613v', '3434343434', '1212121212', '1993-08-17', 1, 0, '', 1, 0, 1, '2019-09-26 11:58:32', 1, '2019-09-26 14:02:46', NULL, NULL, NULL, NULL, NULL, 689541, NULL, '0000-00-00 00:00:00', '0000-00-00', 0, 1);

-- --------------------------------------------------------

--
-- Table structure for table `user_page`
--

CREATE TABLE `user_page` (
  `aid` int(10) NOT NULL COMMENT 'auto id',
  `pgcd` varchar(50) NOT NULL COMMENT 'page/function code ',
  `pgnm` varchar(200) NOT NULL COMMENT 'page name',
  `remk` varchar(200) NOT NULL COMMENT 'remark',
  `adpr` int(2) NOT NULL COMMENT 'advance permission (0-no/1-yes)',
  `stst` int(10) NOT NULL COMMENT 'statues (0-inactive/1-active)',
  `mntp` int(10) NOT NULL COMMENT 'module type (0-user/1-admin)',
  `modu` int(10) NOT NULL COMMENT 'module id (module_tb)'
) ENGINE=InnoDB DEFAULT CHARSET=latin1 COMMENT='page master';

--
-- Dumping data for table `user_page`
--

INSERT INTO `user_page` (`aid`, `pgcd`, `pgnm`, `remk`, `adpr`, `stst`, `mntp`, `modu`) VALUES
(1, 'dsbdUsr', 'Dashboard User', '', 0, 1, 0, 0),
(2, 'dsbdAdm', 'Dashboard Admin', '', 0, 1, 1, 0),
(3, 'branding', 'Company Details', '', 1, 1, 1, 1),
(4, 'policyMng', 'Policy Management', '', 0, 1, 1, 1),
(5, 'rcntAct', 'Recent Activities', '', 0, 1, 1, 1),
(6, 'permis', 'Permission Management', '', 0, 1, 1, 2),
(7, 'cusReg', 'Customer Registration', '', 0, 1, 0, 3),
(8, 'supReg', 'Supplier Registration', '', 0, 1, 1, 4),
(9, 'sysBrnc', 'Branch Management', '', 0, 1, 1, 5),
(10, 'usrMng', 'User Management', '', 0, 1, 1, 5),
(11, 'usrLvl', 'User Level', '', 0, 1, 1, 5),
(12, 'catMng', 'Category Management', '', 0, 1, 1, 6),
(13, 'brndMng', 'Brand Management', '', 0, 1, 1, 6),
(14, 'typeMng', 'Type Management', '', 0, 1, 1, 6),
(15, 'itemMng', 'Item Management', '', 0, 1, 1, 6);

-- --------------------------------------------------------

--
-- Table structure for table `user_page_mdl`
--

CREATE TABLE `user_page_mdl` (
  `aid` int(10) NOT NULL COMMENT 'auto id',
  `mdcd` varchar(100) NOT NULL COMMENT 'module code',
  `mdnm` varchar(50) NOT NULL COMMENT 'module name',
  `remk` varchar(200) NOT NULL COMMENT 'remark',
  `stat` int(10) NOT NULL COMMENT 'statues (0-inactive/1-active)'
) ENGINE=InnoDB DEFAULT CHARSET=latin1 COMMENT='page module';

--
-- Dumping data for table `user_page_mdl`
--

INSERT INTO `user_page_mdl` (`aid`, `mdcd`, `mdnm`, `remk`, `stat`) VALUES
(1, 'gnrl', 'General Settings', '', 1),
(2, 'advStts', 'Advance Settings', '', 1),
(3, 'cusMng', 'Customer Module', '', 1),
(4, 'supMng', 'Supplier Module', '', 1),
(5, 'sysCmp', 'System Component', '', 1),
(6, 'stcCmp', 'Stock Components', '', 1);

-- --------------------------------------------------------

--
-- Table structure for table `user_prmis`
--

CREATE TABLE `user_prmis` (
  `prid` int(10) NOT NULL COMMENT 'permission id',
  `pgid` int(10) NOT NULL COMMENT 'page id',
  `prtp` int(10) NOT NULL COMMENT 'permission type (0-default/1-manuel)',
  `ulid` int(5) NOT NULL COMMENT 'user level id',
  `usid` int(10) NOT NULL COMMENT 'user id',
  `pgac` int(5) NOT NULL COMMENT 'page access (0-inac/1-ac)	',
  `view` int(5) NOT NULL COMMENT 'view (0-inac/1-ac)',
  `inst` int(5) NOT NULL COMMENT 'add / insert (0-inac/1-ac)',
  `edit` int(5) NOT NULL COMMENT 'edit /update (0-inac/1-ac)',
  `apvl` int(5) NOT NULL COMMENT 'approval (0-inac/1-ac)',
  `rejt` int(5) NOT NULL COMMENT 'reject / cancel (0-inac/1-ac)',
  `dsbs` int(5) NOT NULL COMMENT 'disbursement (0-inac/1-ac)',
  `prnt` int(5) NOT NULL COMMENT 'print (0-inac/1-ac)',
  `rpnt` int(2) NOT NULL COMMENT 'reprint (0-inac/1-ac)',
  `dact` int(11) NOT NULL COMMENT 'Deactive (0-No / 1-Yes)',
  `reac` int(5) NOT NULL COMMENT 'reactive (0-no/1-yes)',
  `remk` varchar(100) NOT NULL COMMENT 'remark',
  `stat` int(5) NOT NULL COMMENT 'statues (0-inac/1-ac)'
) ENGINE=InnoDB DEFAULT CHARSET=latin1 COMMENT='user Permission';

--
-- Dumping data for table `user_prmis`
--

INSERT INTO `user_prmis` (`prid`, `pgid`, `prtp`, `ulid`, `usid`, `pgac`, `view`, `inst`, `edit`, `apvl`, `rejt`, `dsbs`, `prnt`, `rpnt`, `dact`, `reac`, `remk`, `stat`) VALUES
(1, 1, 0, 1, 1, 1, 1, 1, 1, 1, 1, 1, 1, 1, 1, 1, '', 1),
(2, 1, 0, 3, 0, 1, 1, 1, 1, 0, 0, 0, 0, 0, 1, 1, '', 1),
(3, 2, 0, 3, 0, 1, 1, 1, 1, 0, 0, 0, 0, 0, 1, 1, '', 1),
(4, 3, 0, 3, 0, 0, 0, 0, 0, 0, 0, 0, 1, 1, 0, 0, '', 1),
(5, 4, 0, 3, 0, 0, 0, 0, 0, 0, 0, 0, 0, 0, 0, 0, '', 1),
(6, 5, 0, 3, 0, 1, 0, 0, 0, 0, 0, 0, 0, 0, 1, 0, '', 1),
(7, 6, 0, 3, 0, 1, 1, 1, 1, 1, 1, 0, 0, 0, 0, 1, '', 1),
(8, 1, 1, 0, 3, 0, 0, 0, 0, 0, 0, 0, 0, 0, 0, 0, '', 1),
(9, 7, 0, 4, 0, 1, 1, 0, 1, 1, 1, 0, 0, 0, 1, 1, '', 1),
(10, 8, 0, 4, 0, 1, 1, 1, 1, 0, 0, 0, 0, 0, 0, 0, '', 1);

-- --------------------------------------------------------

--
-- Table structure for table `user_prmis_advance`
--

CREATE TABLE `user_prmis_advance` (
  `auid` int(10) NOT NULL,
  `prtp` int(10) NOT NULL COMMENT 'permission type (0-default/1-manuel)',
  `lvid` int(10) NOT NULL COMMENT 'user level id',
  `usid` int(10) NOT NULL COMMENT 'user id',
  `msve` int(10) NOT NULL COMMENT 'master setting view',
  `albr` int(10) NOT NULL COMMENT 'all branch',
  `alof` int(10) NOT NULL COMMENT 'all officer',
  `alcn` int(10) NOT NULL COMMENT 'all center',
  `tpsp` int(10) NOT NULL COMMENT 'topup special (0-no/1-yes)',
  `spbr` int(10) NOT NULL COMMENT 'special branch (0-no/1-yes)',
  `stat` int(10) NOT NULL COMMENT 'Status (1-active/0-inactive)',
  `remk` varchar(100) NOT NULL COMMENT 'remarks'
) ENGINE=InnoDB DEFAULT CHARSET=latin1 COMMENT='user permission advance';

--
-- Dumping data for table `user_prmis_advance`
--

INSERT INTO `user_prmis_advance` (`auid`, `prtp`, `lvid`, `usid`, `msve`, `albr`, `alof`, `alcn`, `tpsp`, `spbr`, `stat`, `remk`) VALUES
(1, 0, 3, 0, 1, 0, 1, 1, 1, 1, 1, ''),
(2, 0, 3, 0, 1, 0, 0, 0, 0, 0, 1, ''),
(3, 0, 4, 0, 1, 0, 0, 0, 0, 0, 1, '');

-- --------------------------------------------------------

--
-- Table structure for table `user_prmis_modul`
--

CREATE TABLE `user_prmis_modul` (
  `auid` int(10) NOT NULL,
  `prtp` int(10) NOT NULL COMMENT 'permission type (0-default/1-manuel)',
  `lvid` int(10) NOT NULL COMMENT 'user level id',
  `usid` int(10) NOT NULL COMMENT 'user id',
  `user` int(10) NOT NULL COMMENT 'user module',
  `admi` int(10) NOT NULL COMMENT 'admin module',
  `stck` int(10) NOT NULL COMMENT 'stock module',
  `xx` int(10) NOT NULL COMMENT 'all center',
  `xxx` int(10) NOT NULL COMMENT 'topup special (0-no/1-yes)',
  `stat` int(10) NOT NULL COMMENT 'Status (1-active/0-inactive)',
  `remk` varchar(100) NOT NULL COMMENT 'remarks'
) ENGINE=InnoDB DEFAULT CHARSET=latin1 COMMENT='user permission module';

--
-- Dumping data for table `user_prmis_modul`
--

INSERT INTO `user_prmis_modul` (`auid`, `prtp`, `lvid`, `usid`, `user`, `admi`, `stck`, `xx`, `xxx`, `stat`, `remk`) VALUES
(1, 0, 3, 0, 1, 1, 1, 0, 0, 1, '');

-- --------------------------------------------------------

--
-- Table structure for table `user_spec_brn`
--

CREATE TABLE `user_spec_brn` (
  `auid` int(10) NOT NULL,
  `prtp` int(10) NOT NULL COMMENT 'permission type (0-default/1-manuel)',
  `lvid` int(10) NOT NULL COMMENT 'user level id',
  `usid` int(10) NOT NULL COMMENT 'user id',
  `brid` int(10) NOT NULL COMMENT 'branch id',
  `stat` int(10) NOT NULL COMMENT 'Status (1-active/0-inactive)',
  `remk` varchar(100) NOT NULL COMMENT 'remarks'
) ENGINE=InnoDB DEFAULT CHARSET=latin1 COMMENT='user special branch';

--
-- Dumping data for table `user_spec_brn`
--

INSERT INTO `user_spec_brn` (`auid`, `prtp`, `lvid`, `usid`, `brid`, `stat`, `remk`) VALUES
(1, 0, 3, 0, 1, 0, ''),
(2, 0, 3, 0, 2, 0, '');

--
-- Indexes for dumped tables
--

--
-- Indexes for table `bank`
--
ALTER TABLE `bank`
  ADD PRIMARY KEY (`bnid`);

--
-- Indexes for table `bank_brch`
--
ALTER TABLE `bank_brch`
  ADD PRIMARY KEY (`brid`);

--
-- Indexes for table `brand`
--
ALTER TABLE `brand`
  ADD PRIMARY KEY (`bdid`);

--
-- Indexes for table `brch_mas`
--
ALTER TABLE `brch_mas`
  ADD PRIMARY KEY (`brid`);

--
-- Indexes for table `category`
--
ALTER TABLE `category`
  ADD PRIMARY KEY (`ctid`);

--
-- Indexes for table `com_det`
--
ALTER TABLE `com_det`
  ADD PRIMARY KEY (`cmid`);

--
-- Indexes for table `item`
--
ALTER TABLE `item`
  ADD PRIMARY KEY (`itid`);

--
-- Indexes for table `item_pics`
--
ALTER TABLE `item_pics`
  ADD PRIMARY KEY (`pcid`);

--
-- Indexes for table `nature`
--
ALTER TABLE `nature`
  ADD PRIMARY KEY (`ntid`);

--
-- Indexes for table `scale`
--
ALTER TABLE `scale`
  ADD PRIMARY KEY (`slid`);

--
-- Indexes for table `stock`
--
ALTER TABLE `stock`
  ADD PRIMARY KEY (`stid`);

--
-- Indexes for table `stock_brn`
--
ALTER TABLE `stock_brn`
  ADD PRIMARY KEY (`stbid`);

--
-- Indexes for table `stock_brn_sub`
--
ALTER TABLE `stock_brn_sub`
  ADD PRIMARY KEY (`sbsid`);

--
-- Indexes for table `stock_grn`
--
ALTER TABLE `stock_grn`
  ADD PRIMARY KEY (`grid`);

--
-- Indexes for table `stock_grn_des`
--
ALTER TABLE `stock_grn_des`
  ADD PRIMARY KEY (`gdid`);

--
-- Indexes for table `stock_po`
--
ALTER TABLE `stock_po`
  ADD PRIMARY KEY (`poid`);

--
-- Indexes for table `stock_po_des`
--
ALTER TABLE `stock_po_des`
  ADD PRIMARY KEY (`pdid`);

--
-- Indexes for table `stock_sub`
--
ALTER TABLE `stock_sub`
  ADD PRIMARY KEY (`ssid`);

--
-- Indexes for table `stock_wh`
--
ALTER TABLE `stock_wh`
  ADD PRIMARY KEY (`whid`);

--
-- Indexes for table `str_type`
--
ALTER TABLE `str_type`
  ADD PRIMARY KEY (`strid`);

--
-- Indexes for table `supp_mas`
--
ALTER TABLE `supp_mas`
  ADD PRIMARY KEY (`spid`);

--
-- Indexes for table `sup_bnk_acc`
--
ALTER TABLE `sup_bnk_acc`
  ADD PRIMARY KEY (`acid`);

--
-- Indexes for table `sys_policy`
--
ALTER TABLE `sys_policy`
  ADD PRIMARY KEY (`poid`);

--
-- Indexes for table `type`
--
ALTER TABLE `type`
  ADD PRIMARY KEY (`tpid`);

--
-- Indexes for table `user_bad_log`
--
ALTER TABLE `user_bad_log`
  ADD PRIMARY KEY (`auid`);

--
-- Indexes for table `user_level`
--
ALTER TABLE `user_level`
  ADD PRIMARY KEY (`id`),
  ADD KEY `fk_user_level_system_status1_idx` (`stat`);

--
-- Indexes for table `user_log`
--
ALTER TABLE `user_log`
  ADD PRIMARY KEY (`lid`);

--
-- Indexes for table `user_mas`
--
ALTER TABLE `user_mas`
  ADD PRIMARY KEY (`auid`,`usnm`);

--
-- Indexes for table `user_page`
--
ALTER TABLE `user_page`
  ADD PRIMARY KEY (`aid`);

--
-- Indexes for table `user_page_mdl`
--
ALTER TABLE `user_page_mdl`
  ADD PRIMARY KEY (`aid`);

--
-- Indexes for table `user_prmis`
--
ALTER TABLE `user_prmis`
  ADD PRIMARY KEY (`prid`);

--
-- Indexes for table `user_prmis_advance`
--
ALTER TABLE `user_prmis_advance`
  ADD PRIMARY KEY (`auid`);

--
-- Indexes for table `user_prmis_modul`
--
ALTER TABLE `user_prmis_modul`
  ADD PRIMARY KEY (`auid`);

--
-- Indexes for table `user_spec_brn`
--
ALTER TABLE `user_spec_brn`
  ADD PRIMARY KEY (`auid`);

--
-- AUTO_INCREMENT for dumped tables
--

--
-- AUTO_INCREMENT for table `bank`
--
ALTER TABLE `bank`
  MODIFY `bnid` int(11) NOT NULL AUTO_INCREMENT COMMENT 'Bank Id', AUTO_INCREMENT=47;

--
-- AUTO_INCREMENT for table `bank_brch`
--
ALTER TABLE `bank_brch`
  MODIFY `brid` int(11) NOT NULL AUTO_INCREMENT COMMENT 'Branch Id', AUTO_INCREMENT=3585;

--
-- AUTO_INCREMENT for table `brand`
--
ALTER TABLE `brand`
  MODIFY `bdid` int(11) NOT NULL AUTO_INCREMENT COMMENT 'Brand Id', AUTO_INCREMENT=3;

--
-- AUTO_INCREMENT for table `brch_mas`
--
ALTER TABLE `brch_mas`
  MODIFY `brid` int(10) UNSIGNED NOT NULL AUTO_INCREMENT, AUTO_INCREMENT=5;

--
-- AUTO_INCREMENT for table `category`
--
ALTER TABLE `category`
  MODIFY `ctid` int(11) NOT NULL AUTO_INCREMENT COMMENT 'Category Id';

--
-- AUTO_INCREMENT for table `com_det`
--
ALTER TABLE `com_det`
  MODIFY `cmid` int(10) UNSIGNED NOT NULL AUTO_INCREMENT, AUTO_INCREMENT=2;

--
-- AUTO_INCREMENT for table `item`
--
ALTER TABLE `item`
  MODIFY `itid` int(11) NOT NULL AUTO_INCREMENT;

--
-- AUTO_INCREMENT for table `item_pics`
--
ALTER TABLE `item_pics`
  MODIFY `pcid` int(11) NOT NULL AUTO_INCREMENT COMMENT 'Picture Id';

--
-- AUTO_INCREMENT for table `nature`
--
ALTER TABLE `nature`
  MODIFY `ntid` int(11) NOT NULL AUTO_INCREMENT COMMENT 'Nature id';

--
-- AUTO_INCREMENT for table `scale`
--
ALTER TABLE `scale`
  MODIFY `slid` int(11) NOT NULL AUTO_INCREMENT;

--
-- AUTO_INCREMENT for table `stock`
--
ALTER TABLE `stock`
  MODIFY `stid` int(11) NOT NULL AUTO_INCREMENT COMMENT 'Stock id';

--
-- AUTO_INCREMENT for table `stock_brn`
--
ALTER TABLE `stock_brn`
  MODIFY `stbid` int(11) NOT NULL AUTO_INCREMENT COMMENT 'Stock Branch id';

--
-- AUTO_INCREMENT for table `stock_brn_sub`
--
ALTER TABLE `stock_brn_sub`
  MODIFY `sbsid` int(11) NOT NULL AUTO_INCREMENT COMMENT 'Stock branch sub id';

--
-- AUTO_INCREMENT for table `stock_grn`
--
ALTER TABLE `stock_grn`
  MODIFY `grid` int(11) NOT NULL AUTO_INCREMENT COMMENT 'GRN Id';

--
-- AUTO_INCREMENT for table `stock_grn_des`
--
ALTER TABLE `stock_grn_des`
  MODIFY `gdid` int(11) NOT NULL AUTO_INCREMENT;

--
-- AUTO_INCREMENT for table `stock_po`
--
ALTER TABLE `stock_po`
  MODIFY `poid` int(11) NOT NULL AUTO_INCREMENT COMMENT 'Purchase Order id';

--
-- AUTO_INCREMENT for table `stock_po_des`
--
ALTER TABLE `stock_po_des`
  MODIFY `pdid` int(11) NOT NULL AUTO_INCREMENT COMMENT 'PO description Id';

--
-- AUTO_INCREMENT for table `stock_sub`
--
ALTER TABLE `stock_sub`
  MODIFY `ssid` int(11) NOT NULL AUTO_INCREMENT COMMENT 'Stock sub id';

--
-- AUTO_INCREMENT for table `stock_wh`
--
ALTER TABLE `stock_wh`
  MODIFY `whid` int(11) NOT NULL AUTO_INCREMENT COMMENT 'Warehiuse Id';

--
-- AUTO_INCREMENT for table `str_type`
--
ALTER TABLE `str_type`
  MODIFY `strid` int(11) NOT NULL AUTO_INCREMENT COMMENT 'Store type id';

--
-- AUTO_INCREMENT for table `supp_mas`
--
ALTER TABLE `supp_mas`
  MODIFY `spid` int(11) NOT NULL AUTO_INCREMENT COMMENT 'Supplier Id', AUTO_INCREMENT=6;

--
-- AUTO_INCREMENT for table `sup_bnk_acc`
--
ALTER TABLE `sup_bnk_acc`
  MODIFY `acid` int(11) NOT NULL AUTO_INCREMENT COMMENT 'Account Id', AUTO_INCREMENT=19;

--
-- AUTO_INCREMENT for table `sys_policy`
--
ALTER TABLE `sys_policy`
  MODIFY `poid` int(10) NOT NULL AUTO_INCREMENT COMMENT 'auto id', AUTO_INCREMENT=3;

--
-- AUTO_INCREMENT for table `type`
--
ALTER TABLE `type`
  MODIFY `tpid` int(11) NOT NULL AUTO_INCREMENT COMMENT 'Type Id';

--
-- AUTO_INCREMENT for table `user_bad_log`
--
ALTER TABLE `user_bad_log`
  MODIFY `auid` int(11) NOT NULL AUTO_INCREMENT, AUTO_INCREMENT=7;

--
-- AUTO_INCREMENT for table `user_level`
--
ALTER TABLE `user_level`
  MODIFY `id` int(11) NOT NULL AUTO_INCREMENT, AUTO_INCREMENT=11;

--
-- AUTO_INCREMENT for table `user_log`
--
ALTER TABLE `user_log`
  MODIFY `lid` int(10) NOT NULL AUTO_INCREMENT COMMENT 'auto id', AUTO_INCREMENT=146;

--
-- AUTO_INCREMENT for table `user_mas`
--
ALTER TABLE `user_mas`
  MODIFY `auid` int(10) UNSIGNED NOT NULL AUTO_INCREMENT, AUTO_INCREMENT=5;

--
-- AUTO_INCREMENT for table `user_page`
--
ALTER TABLE `user_page`
  MODIFY `aid` int(10) NOT NULL AUTO_INCREMENT COMMENT 'auto id', AUTO_INCREMENT=16;

--
-- AUTO_INCREMENT for table `user_page_mdl`
--
ALTER TABLE `user_page_mdl`
  MODIFY `aid` int(10) NOT NULL AUTO_INCREMENT COMMENT 'auto id', AUTO_INCREMENT=7;

--
-- AUTO_INCREMENT for table `user_prmis`
--
ALTER TABLE `user_prmis`
  MODIFY `prid` int(10) NOT NULL AUTO_INCREMENT COMMENT 'permission id', AUTO_INCREMENT=11;

--
-- AUTO_INCREMENT for table `user_prmis_advance`
--
ALTER TABLE `user_prmis_advance`
  MODIFY `auid` int(10) NOT NULL AUTO_INCREMENT, AUTO_INCREMENT=4;

--
-- AUTO_INCREMENT for table `user_prmis_modul`
--
ALTER TABLE `user_prmis_modul`
  MODIFY `auid` int(10) NOT NULL AUTO_INCREMENT, AUTO_INCREMENT=2;

--
-- AUTO_INCREMENT for table `user_spec_brn`
--
ALTER TABLE `user_spec_brn`
  MODIFY `auid` int(10) NOT NULL AUTO_INCREMENT, AUTO_INCREMENT=3;
COMMIT;

/*!40101 SET CHARACTER_SET_CLIENT=@OLD_CHARACTER_SET_CLIENT */;
/*!40101 SET CHARACTER_SET_RESULTS=@OLD_CHARACTER_SET_RESULTS */;
/*!40101 SET COLLATION_CONNECTION=@OLD_COLLATION_CONNECTION */;
